Name,Email,Favorite Color,Phone Number,Country
Raymond Bishop,riley77@vargas-cohen.org,Violet,(014)681-3245,Netherlands Antilles
Gina Peck,angela97@wilkins.com,Navy,861.083.1280,Korea
Matthew Moran,cody57@ray-cannon.info,Turquoise,222.258.1582x2901,Ecuador
Christine Brady,kayla07@yahoo.com,DarkGreen,001-935-020-6915x7709,Nauru
Dustin Murray MD,crawfordebony@gmail.com,Orange,+1-180-740-8255,Finland
Daniel Johnson,weberbrandon@shepherd.net,Azure,001-442-934-5902x312,Tajikistan
Veronica Moore,kblack@hotmail.com,Tomato,(394)396-0103,Palestinian Territory
Jonathan Cook,ccharles@gmail.com,SkyBlue,764.188.9082x01218,Singapore
Daniel Clark,kcrawford@hotmail.com,LavenderBlush,(439)279-3124x3018,Senegal
Adam Mccarthy,allisoncarter@ford-james.com,AliceBlue,480-403-6040x523,Bahamas
Ray George,cynthiatyler@carr-todd.com,CadetBlue,573-489-8332x117,Namibia
Kenneth Curry,jacksonmatthew@meyer.net,DarkRed,+1-707-640-6677x948,Philippines
Timothy Carey,smithdwayne@harris-oliver.com,LightSteelBlue,275.158.7466x9610,Uzbekistan
Jennifer Jackson,douglas47@hughes.com,SlateGray,873.555.8369,Egypt
Mark Perez,mikethompson@yahoo.com,DarkTurquoise,(082)465-2631x512,French Guiana
Holly Douglas,mejiamarie@rice-burton.com,MistyRose,387-058-6098x57543,Serbia
Louis Wilson,harrisrussell@wilson.com,SaddleBrown,062-835-1935x9500,Peru
Daniel Powell,pchang@obrien-obrien.com,DarkGreen,(762)441-1520x033,Guinea-Bissau
Shawna Jordan,iparker@yahoo.com,GoldenRod,987-537-6582x431,Suriname
Arthur Gomez,joseph75@hotmail.com,CadetBlue,803-605-6949x082,Canada
Gregory Peters,joyce77@walker-ramirez.com,Linen,748.707.3039,Spain
Nicholas Hall,lori31@munoz.com,ForestGreen,(369)390-6120x838,Zambia
Stephen Alvarez,bethmeyers@yahoo.com,Silver,(644)157-2569x00438,Cyprus
Erin Miller MD,gmarquez@thomas.com,LightGreen,024.476.7200,Pitcairn Islands
Heather Rowland,allenpowers@ryan-davis.com,Khaki,001-348-306-7497x044,Jersey
David Contreras,jillian44@nunez-schmitt.net,Tomato,142-138-0320x9627,Ghana
Kimberly Nolan,leecraig@gmail.com,GhostWhite,649-228-5032x64297,Aruba
Angela Deleon,nicholaswilliams@yahoo.com,SkyBlue,001-071-655-9590x6736,Tajikistan
Katrina Harris,ana53@gmail.com,DimGray,(910)574-0443x06779,Antigua and Barbuda
Jose Mack,jessica68@anderson.net,SeaShell,+1-650-313-2662x67327,Guam
Jay Smith,robertgardner@huff-white.info,LawnGreen,+1-270-664-7465,Denmark
Wesley Allen,flemingderek@white.com,DarkBlue,9406832618,Togo
Julie Conway,rosecarol@gmail.com,LightSeaGreen,041.324.6285,Tunisia
Danielle Woods,robertwade@wright.com,AliceBlue,840-262-1786,Iran
Paul George,davisdan@yahoo.com,LightGoldenRodYellow,+1-787-177-4333x04470,Togo
James Lopez,carmen94@hotmail.com,Olive,214.691.7056x71697,Andorra
Michelle Logan MD,nathanielhart@gmail.com,PeachPuff,(342)870-3546x6594,United States Virgin Islands
Heather Sawyer,boydjasmine@yahoo.com,DarkViolet,+1-922-958-4483,El Salvador
Chelsea Adams,nicole53@chen.info,LightSlateGray,965-707-2849,El Salvador
Tammy Sims,veronicajohnson@gmail.com,Turquoise,4078435715,Slovenia
Miguel Andrews,ashleywatson@hopkins-lynch.com,PaleGreen,001-423-022-7021x814,Lebanon
Jason Fuller,michael18@green.com,SaddleBrown,7551706958,Switzerland
Jane Patel,vwall@hotmail.com,Orchid,001-057-798-5957x908,Nepal
Alicia Wise,timothylee@gmail.com,PeachPuff,151-206-7025x5810,Pitcairn Islands
Joseph Mccann,tracymorrow@hotmail.com,Aquamarine,(224)162-8102,Mali
Douglas Thomas,wardbenjamin@yahoo.com,LightGray,6040300197,Brunei Darussalam
Amanda Collins PhD,rjames@williams.com,LightGray,(858)253-7699x3524,Western Sahara
Robert Curtis,michael30@yahoo.com,Moccasin,339-726-6929x5144,Dominican Republic
Tracy Brown,aprilarnold@hotmail.com,Tan,9297923674,Palestinian Territory
Javier Rivera,maria02@wolf-ho.net,Green,782-405-0949,Lao People's Democratic Republic
Danielle Ross,brianwilliams@armstrong-fisher.com,Coral,001-651-998-1402x218,Afghanistan
Brandon Bishop,arivera@gmail.com,Pink,001-567-829-2810x764,Armenia
Amanda Castillo,hernandezsamuel@martin-brown.org,Coral,399.878.2101,Hungary
Lisa Parker,alex89@gmail.com,DarkCyan,+1-570-143-4360x35747,United Arab Emirates
Mary Howell,yclark@yahoo.com,GoldenRod,255.286.6583x9579,Armenia
Rachel Edwards,qvargas@potts.net,FloralWhite,+1-673-552-2075,Lithuania
Marvin Watson,colleencooper@reid-pearson.net,Salmon,001-950-625-1123x8141,Holy See (Vatican City State)
Nicholas Stuart,harrisondawn@wilson.org,GoldenRod,861.694.6542x236,Bangladesh
James Ortega,shaun62@gmail.com,Brown,001-087-845-8552x9720,Equatorial Guinea
Aaron Knight,davisashley@gmail.com,DarkViolet,912.870.7886x556,Canada
Julie Stephens,lcook@yahoo.com,Aqua,740.380.5078x2088,Namibia
Lawrence Lee,tiffanygrant@gmail.com,MediumSpringGreen,430-981-6076x388,Reunion
Kathleen Williams,hmiller@yahoo.com,SaddleBrown,+1-299-189-8772x3536,Syrian Arab Republic
Jonathan Lee,brennanjeffrey@yang.com,Tomato,001-557-940-0149x4233,Philippines
Charles Gonzalez,jenna78@barr.com,LightPink,001-558-322-5913x959,Moldova
Andrea Williams,tanya60@jackson-walker.org,LightYellow,001-826-394-6538x3591,New Zealand
Travis Evans,chelsealowery@hardy.com,LightSeaGreen,060.911.6928,Cyprus
Tracy Alvarez,ashleyreeves@jones.com,Plum,001-621-207-5612,Svalbard & Jan Mayen Islands
Lisa Cohen,timothychang@cruz-reynolds.net,MediumSeaGreen,0492133872,Mozambique
Daniel Graham,kennethfitzgerald@yahoo.com,LightGoldenRodYellow,723-909-4005,San Marino
Jessica Noble,paulreese@hotmail.com,CornflowerBlue,001-481-963-7169,Guatemala
Natalie Estes,jonesjason@yahoo.com,LightPink,(376)050-9917x35043,Singapore
Justin Benitez,hrobinson@yahoo.com,DarkMagenta,377.543.8436,Mexico
Amber Turner,campbelllisa@hotmail.com,Plum,110-056-6750x6538,Monaco
Nicole Davis,kimberly20@brown.com,FireBrick,+1-955-453-5571x21478,Malta
Gavin Porter,walkerandrew@gmail.com,Brown,889-839-2776,Mauritius
Misty Santos,johnpena@yahoo.com,DeepPink,551.568.1559x462,Liechtenstein
Linda Hayes,peterscharles@walker.org,PaleGreen,(362)683-1491x4654,Iran
Tonya Jacobs,yjackson@yahoo.com,MintCream,+1-381-486-7047x354,Cocos (Keeling) Islands
Carla Wheeler,thomaszachary@hotmail.com,Beige,+1-841-755-2718,Ukraine
Justin Chase,lpham@copeland.com,LimeGreen,826.134.9434,Nigeria
Jeanette Holmes,hdavis@hayden.biz,Green,678.346.1235,Antarctica (the territory South of 60 deg S)
Warren Haley,thomasray@thompson.biz,FloralWhite,+1-405-412-9330x93842,Moldova
Dr. Angela Reed,grace08@hotmail.com,LightPink,(777)939-5864,Togo
Julia Edwards,justinbarnes@collins.org,Orchid,(086)206-1511,Bangladesh
Monica Wong,ashleerice@jones-cochran.com,LimeGreen,757.979.9269,Armenia
Patricia Moore,vtaylor@hotmail.com,Navy,130.677.7090x45792,Albania
Kelly Underwood,nthompson@parker.biz,Indigo,001-587-170-8118,Tunisia
Eric Richards,danny50@mccormick-dean.com,LightBlue,001-931-654-1988,Netherlands Antilles
Philip Brooks,gary48@shaw.com,CadetBlue,+1-283-995-5655x88719,Heard Island and McDonald Islands
Tracy Lowe,sierra10@thomas-anderson.com,LightSteelBlue,053.124.3915,Kuwait
Bob Burns,tmccarthy@gmail.com,Bisque,+1-693-377-8021x5742,Congo
Sharon Ellis,saraharnold@yahoo.com,FloralWhite,695.125.0269,Central African Republic
Kevin Buck,johnsonmelanie@harris-stein.com,Olive,978-854-8693,Netherlands
Caleb Smith,colin61@king.com,DeepPink,708.927.8466x1908,Cocos (Keeling) Islands
Alexis Randolph,nbates@yahoo.com,FloralWhite,894-347-2844,Cocos (Keeling) Islands
Denise Sandoval,dmckay@yahoo.com,Aquamarine,+1-498-545-5086x58360,Jamaica
Shane Williams,courtneyramos@ryan-moran.com,MistyRose,099-692-2410x4278,Poland
Michael Garza,qknapp@hotmail.com,Turquoise,(399)539-3698,Palau
Alexander Rodriguez,ramirezkatherine@rios-martinez.biz,DodgerBlue,423-817-2646x1394,Aruba
Elizabeth Sullivan,stephanieguerrero@hotmail.com,Gainsboro,371.024.2111x10241,Czech Republic
Wendy Armstrong,tanya94@yahoo.com,Fuchsia,+1-853-984-4086,Bulgaria
Shelly Clark,elizabeth23@sparks.info,SeaGreen,6688876869,Mauritius
Shari Sosa,vazquezallison@yahoo.com,LightSeaGreen,+1-850-892-1420x6660,Solomon Islands
Robert King,rrodriguez@decker-long.com,MidnightBlue,+1-291-703-5735x7834,San Marino
Mr. Andrew Lucas III,jeannemills@yahoo.com,PaleGoldenRod,3487729646,United States Virgin Islands
Leslie Ward,michaeltucker@gmail.com,SlateGray,660.971.8980,Sao Tome and Principe
John Thomas,evincent@hotmail.com,MediumTurquoise,126-244-2201x1207,Sri Lanka
David Hernandez,kimberlypetty@yahoo.com,Green,(260)079-8449x82316,Mali
Penny Lopez,jenniferjones@hotmail.com,LightSeaGreen,001-502-817-2798x552,Myanmar
Ronnie Jimenez,rthomas@hotmail.com,Olive,698-030-6783x0612,Greece
Debbie Stewart,sharon24@hotmail.com,Plum,+1-147-506-4334x1460,Netherlands
Christopher Robles,belljudith@yahoo.com,PaleGoldenRod,(364)059-9360,Malta
Joseph Adams,fharmon@hotmail.com,SeaGreen,383.856.1210x88841,Oman
Scott Howe,bcontreras@bishop.net,DarkKhaki,+1-772-888-7316x1074,Togo
Danielle Dixon,flynch@yahoo.com,Cornsilk,156.300.4041x9052,Saint Kitts and Nevis
David Fleming,jessica89@gmail.com,Snow,001-351-607-2754x982,Denmark
Angel Campbell,uclark@cunningham.org,Bisque,879-249-0072,Antarctica (the territory South of 60 deg S)
Michael Mitchell,emmamccann@gmail.com,Wheat,3362201044,Yemen
Jenna Mejia,torresjohn@yahoo.com,DarkMagenta,+1-549-063-0602,South Georgia and the South Sandwich Islands
Kelsey Phillips,kball@mckenzie-higgins.com,SteelBlue,092-650-6448,Spain
Patricia Patton,alyssajohnson@parker-reyes.info,MediumSpringGreen,114-931-9728,Montenegro
Joseph Miller,hicksashley@hotmail.com,DarkOrchid,405.225.6985,Micronesia
Edward Graves,elizabethlamb@oconnor-sanders.com,Lavender,386-133-5446,France
Diamond Norton,richardlopez@gillespie-evans.info,PaleTurquoise,(944)384-3750x99318,Ukraine
Misty Preston,qlawrence@barnes-flores.net,PaleGoldenRod,+1-523-951-1451,Togo
Heidi Bradley,ahenry@hotmail.com,IndianRed,195.755.3026x3969,Holy See (Vatican City State)
Jason Campbell,kristinashah@hotmail.com,OrangeRed,119-302-6653,Moldova
Roger Chambers,caroline43@gmail.com,LightSteelBlue,159.899.3818,South Georgia and the South Sandwich Islands
Brian Robinson,kjohnson@davila.info,MediumSlateBlue,004-156-1492x96849,Saudi Arabia
James Stephenson,jarnold@young.net,Tomato,639-191-6912x815,Saudi Arabia
Eric Lewis,amandarobbins@yahoo.com,Chartreuse,+1-208-799-7983,Timor-Leste
Ryan Kline,wallen@yahoo.com,SkyBlue,014-421-3073x34707,Libyan Arab Jamahiriya
Lisa Johnson,nmatthews@yahoo.com,YellowGreen,525-902-6768,Tuvalu
Danielle Bailey,robertsoto@gonzalez.com,PaleGreen,(495)965-3817x80888,Macao
Judith Hart,anthony90@reeves.com,SkyBlue,712-309-0812x5184,Ecuador
Gina Johnson,brian41@gmail.com,AliceBlue,008-804-4768x939,Kazakhstan
Michael Clarke,wrobbins@yahoo.com,MidnightBlue,+1-477-807-5045,Uzbekistan
James Williams,carldrake@stanley.org,DarkGoldenRod,039.089.8346,Gabon
Sarah Garcia,newtonmark@hotmail.com,Purple,388.533.5641x91737,Russian Federation
Mrs. Paige Anderson,sprice@allen.com,Gray,728-204-0053x84013,Mauritania
Samuel Mason,oromero@henson.com,DarkSeaGreen,001-615-378-3015,Norfolk Island
Charles Mcdaniel,hnelson@porter-chen.com,Aqua,946-627-2753x96267,Northern Mariana Islands
Jennifer Christian,fergusonjacqueline@hotmail.com,PapayaWhip,532.798.8884x33725,Bulgaria
Jennifer Montgomery,bryanbell@bennett.com,DarkGray,332.412.0428x93253,Armenia
Kristin Maxwell,jamie18@martinez.com,YellowGreen,(674)001-8761,Bulgaria
Cody Duran,marygiles@hotmail.com,LightPink,+1-926-939-8910x0975,Benin
Susan Hill,katherinerojas@rodgers.com,LightBlue,(635)893-3208x579,Ireland
Joy Bender,patrick42@thomas.com,Fuchsia,(336)309-5408,Reunion
Mr. Mark Henderson,wilkersonanthony@hotmail.com,MediumTurquoise,+1-700-127-2937x3702,Slovenia
Hailey Martin,patelmichael@gmail.com,SlateGray,001-686-334-8597x6018,Egypt
Jill Johnson,patrickbell@tyler-west.biz,Aqua,001-218-767-2539x50286,Belize
Megan Nguyen,bsilva@yahoo.com,BlueViolet,5406870972,Chad
Jessica Ruiz,nross@robinson.com,Linen,001-164-539-5174x669,Cambodia
Joseph Mccormick,ycraig@hotmail.com,LightSteelBlue,+1-273-109-0459,Greenland
Laurie Johnson,maxwellsheppard@hotmail.com,DarkSeaGreen,(333)006-2934x271,Samoa
Joshua Kemp,pschroeder@hotmail.com,Azure,6667906823,Romania
Mrs. Leslie Blankenship,prichards@hotmail.com,MediumTurquoise,151.197.4320x723,French Southern Territories
Randy Gordon,qmeyers@gmail.com,LightYellow,6728345821,Uzbekistan
Steven Lawrence,tpalmer@davis.info,HotPink,(339)984-8046x11835,Bahamas
John Ford,millerdonna@yahoo.com,CadetBlue,+1-951-187-9515,Japan
Robert Griffith,msanford@yahoo.com,Gray,904-392-6210,Palau
Thomas Wood,myerskenneth@yahoo.com,PaleGreen,001-056-918-1017x00273,Ireland
Wendy Sanchez,fisherpamela@yahoo.com,PapayaWhip,545.850.7329x046,Bosnia and Herzegovina
Jonathan Walsh,tfrank@ballard-jackson.biz,DarkKhaki,001-982-924-1461x67998,Saint Kitts and Nevis
Sophia Curtis,hector00@yahoo.com,Yellow,676-114-3840x71568,Guinea
Randy Sanders,tarascott@glass-olson.com,DarkSlateGray,041-599-9605,Turkmenistan
Brandi Moran,aliciaedwards@yahoo.com,PaleGreen,9010089535,United Kingdom
Jasmine Hahn,mullinsjudy@hotmail.com,Gold,292-200-7618,Heard Island and McDonald Islands
Amy Solis,jamie92@kelley-jackson.biz,OldLace,382.666.7035x742,Morocco
Michael Simmons,hayesalex@hotmail.com,MediumAquaMarine,+1-209-148-5694x704,Solomon Islands
Michele Martinez,moniquelam@dean.org,Chartreuse,001-521-072-8710x963,Armenia
Joe Hodges,bcruz@hotmail.com,PeachPuff,1157613589,Japan
Leonard Bennett,qfreeman@yahoo.com,PaleGreen,4059561851,Fiji
Micheal Parks,ygarcia@walker.com,DimGray,114.616.2854x91617,Saint Vincent and the Grenadines
Sophia Cunningham,lisa32@steele.com,FireBrick,4604675166,Iceland
Paul Mullins,james63@hotmail.com,LightYellow,691.027.6421,Comoros
Cynthia Baker,todd87@obrien.info,Beige,(378)243-2807x5960,Holy See (Vatican City State)
Dorothy Potts,aaronestrada@yahoo.com,DarkMagenta,001-630-366-7107x5456,Myanmar
Steven Robertson,alyssamclean@yahoo.com,Purple,176.190.2778,Australia
Douglas Robinson,jenniferspencer@hotmail.com,Plum,001-318-716-3384x41866,Italy
Melissa Paul,kimberly62@lee.net,Fuchsia,(443)652-2092x39977,Mayotte
Craig Kane,ryannelson@yahoo.com,Lavender,001-828-790-2120,Iran
Dr. Jon Gross,phillipsapril@gmail.com,MediumSlateBlue,001-162-458-7950x112,Seychelles
Bryan Smith,davidmorrison@williams.net,LemonChiffon,(121)744-5361,Rwanda
Ryan Zamora,dbaker@hudson.org,Khaki,001-166-566-6540x0691,Tanzania
Jennifer Miller,davidlee@rodriguez.com,RosyBrown,257-023-2286,El Salvador
Lisa Hernandez,gomezjustin@gmail.com,SlateGray,174.862.4312,Andorra
Ryan Griffith,travisthompson@gmail.com,Yellow,(837)799-8674x22191,Saint Vincent and the Grenadines
Carl Payne,brookstimothy@yahoo.com,Maroon,+1-293-378-7752x30004,Maldives
Brandon Thompson,simpsonrobin@ortiz.com,Tan,110.054.8767x80644,Saint Kitts and Nevis
Dr. Breanna Hernandez,chris21@hotmail.com,PaleGreen,9778120956,Suriname
Roberto Lucero,derekcolon@duke.com,YellowGreen,828.481.2234x351,Eritrea
Theresa Davis,sfloyd@mcconnell-hawkins.com,LightSteelBlue,763.524.4304x391,Bahrain
Daniel Cabrera,wbarr@yahoo.com,DarkSalmon,926-740-4180x06479,Uganda
Seth Haynes,richard39@yahoo.com,ForestGreen,1037517872,Falkland Islands (Malvinas)
Amanda Alvarez,jacksoncrystal@taylor.com,LightCoral,(246)024-7597,Palestinian Territory
Melvin Allen,zwagner@gmail.com,Violet,(297)825-2505x9353,Bahrain
Amy Ellis,gordonmorgan@cummings.com,MediumSlateBlue,584-507-0196x70055,Romania
Emily Hoffman,floresmegan@hotmail.com,ForestGreen,+1-863-314-5742x048,Bolivia
Heather Morton,jaimethomas@hotmail.com,PeachPuff,(652)704-7906x5574,United States Minor Outlying Islands
Lorraine Durham,allisonjohnson@yahoo.com,BlueViolet,897.624.5998,Holy See (Vatican City State)
Brenda Johnson,grahamkelli@armstrong-smith.com,DarkOrange,111.218.7463x625,Trinidad and Tobago
Susan Roman,tyler70@clay-terry.biz,MediumOrchid,001-342-316-4681x668,Portugal
Charles Cordova,david07@hotmail.com,Plum,(530)517-1385x844,Pakistan
Christopher Vega,zsantiago@ali.biz,GoldenRod,948.132.1461,British Indian Ocean Territory (Chagos Archipelago)
Mark Cox,wendy15@rodriguez.biz,DeepPink,(390)426-1451,Cook Islands
Thomas Hudson,meghanhamilton@wells.biz,DarkOliveGreen,(866)767-3557,Romania
Ricky Turner,sabrinaburgess@yahoo.com,AliceBlue,+1-904-920-3040x00703,Palau
Lori Reeves,doughertymeredith@rodriguez.org,LightSeaGreen,(651)475-2318x51315,Comoros
Savannah Taylor,efranklin@palmer.com,Chocolate,395.840.2440,Switzerland
Maurice Sullivan,bhanson@yahoo.com,DarkOrange,(036)588-2217x3711,Tonga
John Hutchinson,amy93@hotmail.com,RosyBrown,725.895.5046,French Southern Territories
Jonathan Vargas,luiskirby@gmail.com,Navy,693.197.9591x17253,Mayotte
Stephanie Castillo,patrick12@henderson-lee.com,Gray,192.315.2635x3531,Anguilla
Mr. James Mckinney,pamelaparsons@ferguson.com,DarkRed,(379)074-2528,Costa Rica
Brenda Wong,hardyralph@crawford.biz,Thistle,1714365165,Anguilla
Devin Campbell,michael27@yahoo.com,DarkRed,001-257-968-3451x11517,France
David Vazquez,matthew45@gmail.com,RosyBrown,180-433-4221,Saudi Arabia
Dr. Daniel Collins,michaelburgess@hotmail.com,SteelBlue,(654)991-0570x955,Chile
Christopher Bush,ruben26@porter.org,Cyan,+1-177-172-1122x4054,Christmas Island
Brooke Gutierrez,jamescain@hicks.biz,LightGray,400-142-7986,Finland
James Wiggins,joseph72@gmail.com,DarkMagenta,(132)746-3313x799,Mozambique
Daniel Kim,michellepierce@hotmail.com,Orchid,001-500-936-1357,Saudi Arabia
Sarah Hughes,mariamcneil@shepard.info,LightPink,(718)666-7229x5599,Iran
Edward Glover,batesjohn@bradley.com,PaleGoldenRod,8084338301,Trinidad and Tobago
Eric Castro,brownjeremy@gmail.com,SandyBrown,704.187.7013,Lao People's Democratic Republic
Elizabeth Ferguson,imiller@yahoo.com,Lavender,124.168.9254x9264,Norfolk Island
Larry Bell,susan00@yahoo.com,Lavender,+1-782-168-5732,Sri Lanka
Taylor Aguilar,connormaxwell@yahoo.com,Gainsboro,579-323-1995,Cuba
Hannah Baker,stephaniemorgan@jordan-miller.info,SpringGreen,(830)837-3449x50991,Russian Federation
Beverly Brooks,tannerdanielle@yahoo.com,MediumBlue,130-749-9398x66277,Trinidad and Tobago
Todd Booth,cesarmiranda@patel-payne.com,Peru,001-557-462-6513,Andorra
Theresa Castro,juan71@yahoo.com,Thistle,001-613-474-4643x923,United Kingdom
Kyle Gonzalez,quinnashley@maynard.com,Orange,968-702-2425x2064,Cape Verde
Richard Ellison,gilesashley@gmail.com,Crimson,(000)794-5550x683,Guinea
Lisa Cabrera,allison99@holland.com,LightBlue,787.668.9479,Ukraine
Grace Manning,lopezmonique@gmail.com,SpringGreen,165-416-1485x1848,Finland
Christine Duffy,tammynguyen@yahoo.com,DarkGoldenRod,187-922-1655x34496,Tajikistan
Jason Thomas,chriscrane@mack.org,Olive,467-557-6256x33070,Cape Verde
Amanda Winters,anthony84@yahoo.com,AliceBlue,186.105.6857x8025,Germany
Mary Sullivan,janecastillo@yahoo.com,Chocolate,920-559-5801,Pakistan
Matthew Martinez,ingramjoseph@moreno-brown.net,MediumSeaGreen,(707)086-0916,Kenya
Jessica Hanson,oweaver@harris.info,PapayaWhip,559-415-6091x79418,Belize
Joseph Padilla,wanda13@richardson.org,MintCream,(064)906-7072x532,Malta
Ian Everett,monica24@hotmail.com,Sienna,001-286-303-0886x873,Argentina
Shane Powell,hudsonscott@duncan.com,MediumAquaMarine,(631)041-5045,Saint Vincent and the Grenadines
Sara Johnson,mhale@ross-thompson.org,Plum,001-332-751-4833x250,Bosnia and Herzegovina
Jeffrey Fritz,mccormickmary@vazquez.com,SteelBlue,077.088.4960,Oman
Terry Thomas,nbryan@hotmail.com,SaddleBrown,024-767-5619,Albania
Jacob Reeves,shepherdcarla@nelson-gutierrez.com,Cyan,515-999-4485,Macao
Willie Clark,josephrivera@hotmail.com,Crimson,+1-999-976-6890x61094,Marshall Islands
Taylor Stout,johnsonmelissa@gonzalez-lopez.com,Brown,745.436.8973x29523,Lithuania
Leslie Reynolds MD,dgrant@lopez.net,GhostWhite,756-577-2829,Nauru
Kelly Benjamin,onealmichael@gmail.com,LightCyan,(579)157-2226x483,Saint Vincent and the Grenadines
Andrew Woodward,jason80@cook-smith.net,LemonChiffon,+1-222-927-6191x4390,Saint Vincent and the Grenadines
Aaron Brown,milestaylor@gmail.com,SteelBlue,172-873-4752x626,Nepal
Megan Rodriguez,torresjoan@hotmail.com,MediumSlateBlue,+1-706-539-9938x99289,Gabon
Kristen Li,hmullins@yahoo.com,Snow,(205)279-4371x576,Israel
Jerry Cunningham,matthew06@stewart.com,Teal,086-569-4734x07179,Indonesia
Jessica Bowers,xwilliams@jones.com,BlanchedAlmond,+1-491-318-1044x0903,Panama
Adam Jones,ronaldwhite@weaver.info,Crimson,752-565-6872,Aruba
Sheila Simon,nicholasbyrd@gmail.com,PaleGreen,001-065-366-7985x3866,Falkland Islands (Malvinas)
Crystal Haynes,delacruzjohn@yahoo.com,Gold,(822)804-9536,Christmas Island
Austin Williams,johnsonruth@gmail.com,Chocolate,373-240-2130x687,Samoa
Shannon Johnson,lamberttaylor@montes-mitchell.com,Ivory,+1-917-965-8304x959,Honduras
Joseph Moore,stacey93@williams.com,Ivory,155.476.9041,Bahamas
Andrew Pitts,qhodge@martinez.com,Gold,251-513-0485,Solomon Islands
Shelly Ferguson,james46@yahoo.com,Cyan,001-127-025-7408x4198,India
James Thomas,alexanderkendra@watts.com,LightGray,441.068.3175,Congo
Jacqueline Jones,carlcarlson@hotmail.com,LightSteelBlue,001-725-812-9444x9423,Botswana
Robert Kim,lwashington@yahoo.com,SeaGreen,(166)471-0313x18440,Ethiopia
Ashley Barton,rogerstravis@hotmail.com,Olive,283.280.6248,Anguilla
Meredith Montgomery,dromero@pittman-alvarez.org,Aquamarine,+1-945-797-0738x069,Croatia
Robin Coleman,meyerskelly@conner.biz,SeaShell,001-520-700-3552x909,Benin
Patricia Hall,flemingkaren@yahoo.com,SeaShell,+1-758-281-9995,Romania
Dr. Tyler Myers DDS,natashablackburn@gmail.com,Ivory,524-360-2525x1368,Saint Kitts and Nevis
Edwin Smith,steve17@espinoza.info,PaleVioletRed,018.239.7502x77147,Iraq
George Owens,davidsmith@knight-morrow.net,AntiqueWhite,695-143-6249x44550,Barbados
Virginia Hayden,murphyedward@brown-luna.com,Plum,056-514-3493,Antigua and Barbuda
Tom Murphy,danielskevin@gmail.com,Bisque,9026337134,Cameroon
Judy Blevins,stephensonjoseph@yahoo.com,PaleVioletRed,+1-950-917-2589x733,Uganda
John Cabrera,lopezmatthew@young.com,Gray,434-973-9355x1865,Sao Tome and Principe
Richard Jordan,matthewdaniel@camacho.biz,SandyBrown,+1-836-665-4042,Jersey
Ann Curry,manuelanderson@gmail.com,NavajoWhite,001-772-170-6601x433,Bahamas
Emily King,edaniels@mayer.com,DarkSlateGray,001-442-489-0911x62500,Barbados
Allison Dunn,xedwards@klein.com,CornflowerBlue,+1-251-121-0899x318,Turks and Caicos Islands
Linda Russell,alvareznathan@carter-potter.com,Black,537-810-8750,Kyrgyz Republic
Heather Gibson,dan86@castro.com,LightBlue,967-925-8301,Svalbard & Jan Mayen Islands
Aaron Hansen,andreaduncan@gmail.com,LightGoldenRodYellow,(379)292-2988x38827,Ecuador
Christopher Rogers,vincent58@gmail.com,DarkGoldenRod,7745627367,Netherlands
Amanda Johnson,javiermoreno@hotmail.com,Turquoise,(315)143-4118,Pitcairn Islands
Victoria Cummings,joseph54@gmail.com,Olive,458-254-1989x537,El Salvador
James Rogers,lmiles@yahoo.com,LightSlateGray,001-025-263-9819x08155,Poland
Kirk Grimes,kshaw@ramirez-collier.net,SlateGray,(942)024-0878,Bouvet Island (Bouvetoya)
Kayla Smith DDS,ryan97@grant.com,DarkGoldenRod,+1-283-734-3907,Niger
Ashley Fuentes,jose57@hotmail.com,Yellow,(027)421-4979,Egypt
Jason Cole,jharvey@hotmail.com,Purple,+1-034-362-3130x0585,Dominican Republic
Shelly Wright,jamie79@hotmail.com,Coral,+1-405-931-6967,Iceland
Amanda Woodard,paul74@gmail.com,LightGreen,(393)517-3017x392,Cambodia
Michael Freeman,kaitlyn94@fernandez.com,OldLace,216-033-5943x4713,Thailand
Robert Hill,harrisbeth@yahoo.com,Brown,(478)587-2854x54586,Senegal
Amber Adkins,ywilliams@gmail.com,Aqua,991.117.2834,Madagascar
Derek Arnold,williamsjoseph@gmail.com,Wheat,(373)336-5324,Timor-Leste
Karen Estrada,wangronald@gmail.com,Aquamarine,+1-584-740-6734x766,Paraguay
Kimberly Roman,johnsondavid@perry.com,DeepSkyBlue,(982)076-9455,Solomon Islands
Jeffrey Tucker,michael46@gmail.com,MediumOrchid,+1-809-314-6011x278,Hong Kong
Mr. Jason Burns,marybrewer@gmail.com,Green,117.932.1835x233,Norway
Christian Alvarez,vazquezdebra@gmail.com,Lime,001-714-753-3304x86313,Lithuania
Cindy Baxter,gerald03@hotmail.com,MidnightBlue,(284)018-9146x7871,Paraguay
William Brown,christopherlamb@morgan.com,Blue,365-342-5719x502,Togo
Carrie Kelly,ygarrett@gonzalez.com,Red,(595)511-7665x614,Nigeria
Monica Leon,ewingzachary@gmail.com,MediumTurquoise,042.206.7224x089,Saint Kitts and Nevis
Shannon Gonzalez,jhall@lee-garcia.info,FireBrick,131.410.5168x30420,Bermuda
Andres Williams,kyle99@smith.com,Black,584-955-0290x2075,Bolivia
Nicole Olson,kimberly43@smith-rogers.com,SeaShell,+1-058-942-0997,Botswana
Zachary Williams,ryanjohnson@austin.com,MistyRose,+1-048-040-3265x5491,Tuvalu
Scott Johnson,cisnerosamber@gmail.com,DarkViolet,647.160.2083x156,Slovakia (Slovak Republic)
Kevin Zavala,dwilliams@hotmail.com,FloralWhite,001-922-850-3771x81788,Belize
Susan Moore,justin66@gmail.com,SteelBlue,(102)680-1797x4585,Turks and Caicos Islands
Leonard Brandt,jillrich@hotmail.com,Indigo,958-073-3779x6975,Faroe Islands
Erica Perez,harrischristopher@hotmail.com,IndianRed,401-655-5301,Ghana
Whitney Trujillo,dvaldez@meyer.com,PapayaWhip,0379506454,Venezuela
Jimmy Bennett,williamroberts@miller.com,LightBlue,001-165-716-5957,Macedonia
Karen Lee,jeremyweber@richards.com,Silver,571-581-1244x1976,Nauru
Erica Wilson,maybenjamin@moon.com,DarkSlateGray,624.339.6999x44098,Russian Federation
Jacqueline Harris,tmaldonado@yahoo.com,PaleGreen,090-689-9398,Macedonia
Emily Moore,tamararussell@hotmail.com,LightSkyBlue,468.002.0580x928,Haiti
William Crane,bookerdavid@yahoo.com,Tomato,(203)765-7616,Martinique
Madeline Lyons,savagehoward@rice-stephenson.info,LightSlateGray,844.173.1450x72994,Namibia
Jason Weber,stephaniejohnson@yahoo.com,Lime,885.628.0672x487,Reunion
William Clark,ghill@yahoo.com,Tomato,+1-054-557-7045x0575,Afghanistan
Kyle Johnson,brownnicholas@taylor-weber.com,LightGreen,(834)321-0389x852,Poland
Ronald Leonard,krystal33@smith.info,Moccasin,+1-557-236-6649x8360,Mexico
Jacob Jones,davidsonshari@deleon.com,Fuchsia,591.141.3170x55898,United Kingdom
Kimberly Mercado,janegutierrez@thomas.net,LavenderBlush,572.635.4590,Kuwait
Charles Reed,landersen@ward.org,Gray,533.291.4367x4339,Antigua and Barbuda
Beth Blankenship,dylanwalker@hotmail.com,PowderBlue,(806)415-2141x373,Montserrat
Barbara Ramirez,westmichael@boyd.com,MediumSlateBlue,735-650-8643x314,Uzbekistan
Kenneth Smith,michaelwilkinson@gmail.com,LemonChiffon,(263)044-7468x4182,Czech Republic
Bonnie Mitchell,adixon@yahoo.com,Gold,284.337.9578x47087,Egypt
Crystal Watson,ycortez@yahoo.com,Brown,442.456.6969x15476,Liechtenstein
Pedro Powers,owalker@porter.com,LightBlue,001-658-570-2106x77085,Papua New Guinea
Jennifer Salinas,ezamora@meadows-marshall.com,DarkRed,+1-124-425-8098x3290,Ukraine
Steven Harvey,timothyberry@perry-carson.com,BurlyWood,536-786-2063,Turks and Caicos Islands
Nicole Hill,johnsonnatalie@burch-baker.com,MediumOrchid,(938)972-3104,Lesotho
Victor Thomas,kellycoffey@gmail.com,DarkOrange,7146838817,Antigua and Barbuda
Bobby Jackson,nancymckay@young.net,DarkCyan,(114)138-5367x8768,Dominica
Susan Nash,rodriguezhannah@reyes.com,YellowGreen,882.010.3814x05957,French Polynesia
Brian Gibson,staciealvarez@hotmail.com,OrangeRed,752-926-4091x008,Senegal
Taylor Mitchell,yflores@hotmail.com,Silver,+1-778-459-0461x5239,Puerto Rico
Gregory Pennington,oblackburn@yahoo.com,LightCyan,(782)827-2525x05612,Saint Barthelemy
Jeremy Taylor,jamescook@wright.com,SlateBlue,(043)105-8176,Puerto Rico
Paula Perry,juliefreeman@gmail.com,DarkBlue,+1-182-705-9012x708,Dominica
Perry Collier PhD,shawrichard@gmail.com,Aqua,+1-973-469-7205x9015,Panama
Peter Daniels,ucunningham@hotmail.com,FireBrick,9807757192,Sri Lanka
Kathleen Jenkins,laurie52@yahoo.com,AliceBlue,(393)489-8706x7030,Sweden
Lee Martin,hdiaz@cooper.com,MistyRose,(933)010-2322x01320,Saint Vincent and the Grenadines
Vincent Bell,bookerdebra@hotmail.com,DarkSeaGreen,575-060-1735,Mexico
Brandon Harris,lopezerik@cruz-johnson.biz,YellowGreen,776-643-6408,Swaziland
Clinton Powell,sandramcdonald@hotmail.com,YellowGreen,(314)631-3600,Italy
Katie Spencer,jacquelinewong@yahoo.com,Lavender,204.949.8339,Finland
William Brown,catherinemontgomery@yahoo.com,OldLace,(947)841-5517x908,Mexico
Kimberly Walton,christopherphillips@hotmail.com,Navy,+1-455-160-6233x322,South Africa
Shelby Martinez,ykim@gmail.com,LightGreen,001-754-797-3077,Ukraine
Mark Carpenter,msmith@francis.com,MediumSeaGreen,2484532043,Uganda
Billy Payne,singhkimberly@mathews.biz,Maroon,(306)372-7667,Bermuda
Debra Clark,ygomez@roberts.com,DarkKhaki,(128)877-9108,Lithuania
Hector Ramirez,gilbertdevon@yahoo.com,MidnightBlue,001-530-163-2064x3097,Ghana
Jeremy Mercado,yolanda97@garza.biz,LawnGreen,618.343.2058x84967,Korea
Wyatt Pacheco,randallrachael@yahoo.com,Bisque,8700133074,Sudan
Mark Higgins,billycollins@bailey.com,Cyan,+1-585-498-6439x4626,Korea
Susan Nielsen,michelle42@gmail.com,GoldenRod,537.311.3166,Cayman Islands
Ryan Lester,stonerhonda@gmail.com,MidnightBlue,0876413659,Japan
William Fuentes,vellis@hernandez.net,MidnightBlue,5425924552,Singapore
Jennifer Jones,bryantimothy@johnson.com,Silver,618.345.6713x4898,Bulgaria
Benjamin Pitts,williamgraham@yahoo.com,Orange,001-929-336-2369,Cuba
Christine Brown,mathew65@elliott.biz,Wheat,795-514-7653,Timor-Leste
Cody Pearson,john12@gmail.com,Lavender,+1-056-278-7926x97368,Djibouti
Travis Holmes,jamespalmer@hotmail.com,DarkSeaGreen,+1-848-412-1697x540,Mauritius
Keith Thomas,alandixon@white-young.com,Chocolate,905.402.8826,Bulgaria
Lydia Coleman,vbrown@gmail.com,Navy,433.329.4018x283,Kyrgyz Republic
Keith Higgins,mgraves@thompson.com,LightSteelBlue,485.618.9476,Korea
Christine Ho,davidgray@gmail.com,Snow,8401535573,Bouvet Island (Bouvetoya)
Edward Holmes,fkramer@yahoo.com,Aqua,(674)900-0124x62356,Andorra
Taylor Brown,brittneybailey@harper.com,Thistle,203-169-1407,Congo
Kayla Kelley,rgonzalez@foster.com,OliveDrab,(359)802-8270x057,Panama
Christine Robinson,mcdowelltanya@gmail.com,IndianRed,486-347-8197x75434,Italy
Curtis Horton,williamsana@jones.com,LightSlateGray,290-613-8659x875,Andorra
Alexis Cooke,matthew82@hotmail.com,Crimson,370.664.4141x582,Yemen
Ashley Scott,steelemichele@gmail.com,DarkBlue,6352515425,Antigua and Barbuda
Mark Douglas,mayerblake@gmail.com,MediumBlue,+1-540-352-2790x009,Bosnia and Herzegovina
Emily Powell,joshua07@fox.com,Green,3247419426,Macao
Dr. Jillian Reese MD,jeffrey22@morales.com,CornflowerBlue,3366158312,Kuwait
Samuel Richards,robertsphillip@ross.org,SteelBlue,467-720-5227,Dominican Republic
Jesse Patrick,mhamilton@adams-moon.info,MidnightBlue,001-834-373-5000x367,Netherlands Antilles
Frances Davis,mcknightsarah@phillips-nelson.org,YellowGreen,927-787-5019,Thailand
Megan Smith,nicholasowens@perry-dawson.info,AntiqueWhite,275-509-6639,Eritrea
Jonathon Johnson,pchavez@yahoo.com,Maroon,6422510724,Bahrain
Christina Mills,johnbullock@johnson.biz,Linen,821.233.5385,Armenia
Warren Campbell,stephaniekelley@young-lee.com,LightYellow,001-436-747-9231x8438,Mali
Nathan Horton,tonyhernandez@gonzalez.net,Navy,617-901-3683,Cote d'Ivoire
Shannon Townsend,patricia55@hotmail.com,AntiqueWhite,(306)522-0117,Gibraltar
Roberto Holland,ramirezjames@roberts.com,Gainsboro,+1-554-163-4116x816,Isle of Man
Ryan Perez,bryangary@yahoo.com,LightSlateGray,+1-819-116-5312,Venezuela
Ann Martin,melissa02@gmail.com,LightSalmon,+1-154-548-6492x0704,Benin
David Norris,robertsmith@gardner.com,Chocolate,544-273-6678x90367,Afghanistan
Rachel Adams,rrhodes@hotmail.com,LemonChiffon,2534748256,Monaco
Brooke Tucker,zesparza@anderson.net,BlueViolet,576-402-0141x588,Liechtenstein
Sheryl Sanders,kevindawson@hotmail.com,Fuchsia,569-418-2302x0173,Venezuela
Janet Alexander,melissaholloway@hotmail.com,Beige,+1-003-177-5435,Mongolia
Melissa Washington,qmills@taylor.com,Tomato,+1-074-054-2425x36672,Yemen
Kimberly Smith,samuel07@mcdonald.org,Chocolate,001-576-779-2262x1326,Cyprus
Cynthia Williamson,patrickneal@yahoo.com,Aqua,+1-117-340-0192x600,Andorra
Patrick Perez,dperez@yahoo.com,LawnGreen,(881)493-1944x39202,Paraguay
Heidi Jenkins,debra03@gmail.com,ForestGreen,0745729475,Saint Lucia
Taylor Anderson,lucasveronica@gmail.com,Brown,(562)820-2234x7673,Cameroon
Amber Martin,bwatkins@gmail.com,MintCream,473-939-1991x1019,Italy
Jose Mcdonald,avilajustin@gmail.com,SandyBrown,749-453-7298x278,Nepal
Wesley Stuart,mariah76@roberts.com,Aquamarine,+1-179-020-3173x1072,Gambia
Joshua Stephens,rthompson@mitchell.biz,Gainsboro,(028)097-6976,San Marino
Matthew Willis,trujilloryan@gmail.com,Aqua,291-882-4718,Tanzania
Debra Thompson,christine23@gmail.com,OliveDrab,581.551.0111x7411,Chile
Tina Guerrero,sharon04@ochoa.com,MintCream,(936)231-5206,Mongolia
David Moore,haley94@yahoo.com,MediumSlateBlue,312.595.4337x304,Dominican Republic
Scott Lee,kennethhansen@gmail.com,SeaShell,+1-875-437-4090x8205,Malta
Danielle Yu,rileyashley@robinson.com,DarkOrange,+1-712-660-4393,Syrian Arab Republic
Karen Conway,samanthabrady@carter.net,Fuchsia,001-564-158-1957x017,Congo
Kyle Harper,ewhite@hotmail.com,DarkCyan,3845471615,Latvia
Ryan Mathews,lmunoz@gmail.com,Linen,001-438-621-5822,French Guiana
Elizabeth Mccullough,tom75@gmail.com,SeaShell,038.054.0979x19494,Uganda
Christina Bean,jennifercooper@gmail.com,BlanchedAlmond,477-079-8103x9217,Spain
Gregg Lee,alopez@wagner-brady.com,Linen,001-161-686-7179x425,Hong Kong
Jessica Lewis,barbarahill@yahoo.com,MediumPurple,2100160451,Finland
Robert Smith,chanson@gmail.com,White,2048410862,Congo
Marcus Carter,iscott@gmail.com,SlateGray,+1-400-949-9826x8919,Moldova
Melissa Bryant,powerslori@hotmail.com,DarkSalmon,+1-796-726-3894x2163,Palau
Melanie King,fredericklee@murphy.com,PeachPuff,001-275-688-8689x55500,Holy See (Vatican City State)
Morgan Greene,meyerkatherine@townsend-martin.com,DarkOrchid,258.109.0887x9711,Cook Islands
Peter Jackson,richard10@walters-jarvis.com,DarkSeaGreen,087.035.2289x64671,Colombia
Emily Evans,gsanford@morgan-munoz.com,LightGoldenRodYellow,(528)201-9651,Mauritania
Connor Dickerson,ronald75@hotmail.com,Maroon,001-347-927-1965,Gibraltar
Jessica Jones,michellelambert@yahoo.com,WhiteSmoke,001-706-574-2762x373,Lithuania
Perry Zuniga,uward@owens.com,SandyBrown,807.283.9276x3550,Saint Martin
Michael Bishop,martinezgregory@gmail.com,SeaGreen,068.995.9491,Mali
Carolyn Gill,jacksonsara@gmail.com,SaddleBrown,958-271-3687x69051,El Salvador
Mary Allen,sabrinaharris@hotmail.com,Brown,0690943803,Dominican Republic
David Whitaker,derricklowery@hotmail.com,LightSkyBlue,4883925329,Central African Republic
Benjamin Miller,larry61@gmail.com,BlanchedAlmond,655-675-8033x317,Serbia
Matthew Mccarthy,willismatthew@gardner.com,MediumSlateBlue,001-716-265-2755,Sierra Leone
Bethany Beard,briansherman@mcdowell.com,SteelBlue,+1-248-148-5890,Uzbekistan
Amanda King,cookjeffrey@yahoo.com,SandyBrown,+1-996-564-4332x4673,South Georgia and the South Sandwich Islands
Willie Klein,pwillis@yahoo.com,DarkRed,+1-455-521-0589x5863,United States Virgin Islands
Richard Hudson,maryweiss@hotmail.com,DarkSeaGreen,738-191-9107x7973,El Salvador
Crystal Hall,jonathan34@chandler.net,IndianRed,(196)947-8506,Saint Martin
Carrie Case,morriszachary@brown.net,Olive,900.269.4865x55540,Indonesia
Christian Robles,chasejulia@landry.com,MidnightBlue,059.506.0069x2836,Tanzania
Leslie Bradford,laurarussell@barrera-williams.info,HotPink,(803)853-1653x77072,Italy
Douglas Boyle,patrickwilliams@frazier.com,DarkCyan,+1-814-116-9786,Netherlands Antilles
Lisa Torres,ucampbell@yahoo.com,DodgerBlue,+1-453-063-3721x334,Belgium
Steve Herrera,brianlewis@hickman-castillo.com,Green,+1-848-112-5541,Reunion
Douglas Vasquez,meredith86@gmail.com,DarkMagenta,(557)353-8125,Fiji
Zachary Levy,holly60@hatfield.net,FloralWhite,(725)239-3859,Togo
Mark Pacheco,jennifermeadows@yahoo.com,DarkGreen,(325)129-6092x413,Portugal
Kayla Hall,katherinecline@hotmail.com,LightPink,579.631.5433,Singapore
Daniel Saunders,darrellturner@gmail.com,Snow,231-189-3943x505,Ghana
Kevin Hanson,marilynguzman@mcintyre.info,GhostWhite,(506)038-9109x54869,Estonia
David Pierce,cpatel@sloan.net,Aquamarine,634-054-8294,Guadeloupe
Eric Smith,riversedward@yahoo.com,MistyRose,+1-199-708-2213x640,Kiribati
Eric Morrison,jacksonmelinda@collier.net,PapayaWhip,(867)674-7434x1607,Honduras
Melanie Williams,veronica54@carey.com,LightCoral,016.210.0775,Montenegro
Holly Juarez,singhdavid@bell-patton.com,Bisque,+1-754-814-1415x60457,Holy See (Vatican City State)
Anthony Richmond,deborah88@hill-guzman.com,Pink,745.904.3537x1468,Bulgaria
Stanley Rodriguez,danielle36@christian.com,Brown,(091)359-0345x9894,Thailand
Ernest Hammond,christopher30@ortega-williamson.com,DarkGray,625-130-0695,Micronesia
Calvin Martinez,adavidson@yahoo.com,DarkOrange,969-635-9890x2309,Burkina Faso
Joe Evans,ccrawford@hotmail.com,Linen,315-751-7953x63982,Pitcairn Islands
Scott Hernandez,charlenemyers@hotmail.com,LightBlue,(227)768-6188,Saint Pierre and Miquelon
Catherine Hale,juansanchez@gmail.com,Cyan,1339049870,Christmas Island
Destiny Krause,payneisaiah@yahoo.com,MediumSpringGreen,001-166-093-1368x725,Malta
Natalie Bell,angela31@sanford-kelly.com,HotPink,516.501.4105x39482,Cyprus
Vicki Beard,krystaljohnson@gmail.com,DodgerBlue,001-043-927-3932x90380,Aruba
Sarah Robinson,kimberly52@morrison.org,MediumAquaMarine,001-465-678-2248x4226,Greenland
James Allen,wsmith@yahoo.com,Indigo,159.277.5484x1814,France
Danielle Brown,patricia14@smith-wolf.com,WhiteSmoke,(993)535-0516x55458,Mexico
Tristan Mendoza,turnerregina@yahoo.com,MediumOrchid,683-812-6465x1226,Swaziland
Janice Williams,wilsondylan@gmail.com,Chocolate,652.839.8669x924,Ecuador
Chris Mccullough,khunt@hotmail.com,SteelBlue,073.023.3724,Israel
Cynthia Sharp,rossrobert@kent.info,LightPink,818.207.4466x678,Ethiopia
David Smith,bgraham@gmail.com,SandyBrown,001-053-015-9288x382,Sri Lanka
Jerry Cooper,pennyvasquez@hotmail.com,PowderBlue,258-185-4241x792,Qatar
Stephen Perez,susan06@gmail.com,DarkSlateBlue,+1-750-167-7575x69953,Cote d'Ivoire
Howard James,bobby34@combs.com,MediumSpringGreen,+1-334-327-1970,Netherlands
John Hart,christophercruz@higgins.info,DarkBlue,356-471-8154x29766,Guinea-Bissau
Bruce Cruz,cynthia04@scott-walker.net,Cornsilk,001-824-803-8417x492,Puerto Rico
Lisa Johnson,hendersonandrew@garcia-montgomery.com,Gray,001-227-020-6099x281,Holy See (Vatican City State)
Robert Wilson,judy43@chambers.info,MediumSlateBlue,001-135-593-8047x08445,Sudan
Judy Osborn,brittneyrice@hotmail.com,CornflowerBlue,220.923.7026x322,Nepal
Felicia Hansen,psmith@suarez.info,RosyBrown,371-773-2259,Pakistan
Christine Soto,evansmelissa@yahoo.com,Coral,+1-147-256-3851x357,French Guiana
Timothy Mckinney,russoamy@walker.com,CadetBlue,001-084-285-3847,Djibouti
Jill Randall,freemannicholas@hotmail.com,MediumPurple,158.016.5053,Lebanon
Mary Perry,michelledrake@gmail.com,LightSeaGreen,(827)328-3587x78009,Guadeloupe
Audrey Acevedo,samanthadouglas@mccullough.info,YellowGreen,+1-214-362-8092x4331,Lao People's Democratic Republic
Jerry Jackson,qwong@gmail.com,GoldenRod,001-455-071-4001,Ethiopia
Stephanie Myers,tanya24@barry.org,Olive,955.503.6727,Barbados
Claudia Williams,bellbrendan@williams-murphy.net,Orange,+1-300-670-6550x463,Korea
Jonathan Rivera,leah29@gmail.com,Cornsilk,(451)440-6505,Norfolk Island
Vanessa Camacho,kellylee@gmail.com,MediumVioletRed,831-689-9543x2077,Gabon
Monica Miller,iward@yahoo.com,ForestGreen,001-530-887-2848x5148,Cyprus
Brittany Obrien,anawalter@cortez-newton.com,LightCyan,(501)668-7126x764,French Polynesia
John Barnes,suzanne06@davis.net,DarkCyan,907-396-0179x3496,San Marino
Christian Robbins,ljacobs@shaffer-king.info,Cornsilk,+1-330-051-7901x78009,Latvia
Victoria Davis,seandavis@thompson-osborne.org,BlanchedAlmond,044-774-9060x8400,Comoros
Kelly Rocha,donnabradford@hotmail.com,GoldenRod,001-083-227-7644x5160,Togo
Ryan Turner,lfranklin@pugh-smith.com,Lime,3241719106,British Virgin Islands
Angela Perez,jonesalexander@gmail.com,DeepPink,+1-575-665-8776x494,China
Mr. David Anderson MD,leonardmatthew@dixon.biz,NavajoWhite,(256)085-7281x98191,Rwanda
Mrs. Hailey Mcgee,laura27@hotmail.com,MediumSpringGreen,273.472.3259,Aruba
Robert Morrison,richardsanita@yahoo.com,DarkGray,(703)086-4247x0501,Tokelau
Chad Davis,brian38@hotmail.com,Bisque,202.589.4412x02533,Sweden
Ashley Valdez,vgonzalez@hotmail.com,LightSeaGreen,001-845-792-7136x700,Equatorial Guinea
Jacob Reeves,karla28@hunter.biz,HoneyDew,+1-891-041-6929x70970,Algeria
Nicole Charles,bryantlauren@mendoza.com,DarkGreen,661-083-6068x124,Eritrea
Kristopher Smith,dustinbennett@yahoo.com,Pink,800-479-5717x243,Uruguay
Robert Jones,colonbrian@baird.com,DarkMagenta,149-972-3184,New Caledonia
Jermaine Martinez,vgraham@ali.com,Moccasin,421-550-6375,Libyan Arab Jamahiriya
Tammy Baker,antoniofoster@smith.com,MintCream,(719)149-2571x93822,Bermuda
Erin Lewis,mbutler@aguilar-cole.com,MediumVioletRed,001-740-211-6079x78496,Bouvet Island (Bouvetoya)
Pamela Eaton,dillontiffany@yahoo.com,Beige,333.366.0562x987,Swaziland
Thomas Mills,dkelly@gmail.com,Aquamarine,+1-211-617-7195x78839,Gibraltar
Craig Holmes,hugheselaine@hotmail.com,MediumBlue,4020976298,Kuwait
Travis Castro,ehicks@ferrell.com,LawnGreen,+1-223-353-8348x7342,Timor-Leste
Christine Sparks,rileylauren@hotmail.com,Chartreuse,001-768-638-8089,Dominican Republic
Wendy Williams,nbarnes@jones-hendricks.com,Snow,001-165-075-2002x811,France
Julia Howard,karen99@joseph-aguilar.com,CornflowerBlue,+1-689-391-1159x995,Norway
Christopher Walker,amy99@yahoo.com,Orange,995.498.4019,Kuwait
Gary Wade,wwelch@fisher.info,ForestGreen,087-675-9959x359,Saint Helena
Andrew Brown,umorales@hotmail.com,LightSteelBlue,265-518-2505x0166,Equatorial Guinea
Nicholas Ramos,gle@parrish.org,DarkSeaGreen,001-464-413-5105x13447,United States Minor Outlying Islands
David Spencer,mcdonaldricky@yahoo.com,Chartreuse,001-514-255-9526x698,Turks and Caicos Islands
Brendan Rivera,fryelisa@gmail.com,DarkGreen,415-674-2318,Austria
Richard Smith,wendyhanson@mitchell.com,PeachPuff,828-086-1154,South Georgia and the South Sandwich Islands
Judith Allen,kgonzales@stanley.com,Yellow,001-095-234-2945,Saint Lucia
Christina Reynolds,stevenshannah@hobbs.com,MediumVioletRed,464-169-2780x45410,Solomon Islands
Brittany Torres,james73@allen.biz,Yellow,629-324-5671,United States Minor Outlying Islands
Mary Anderson,karen39@strickland-mckee.com,LightGray,(185)386-8297x88687,Somalia
Joseph Archer,moranlaura@yahoo.com,MediumBlue,(816)564-9068x3109,United States Virgin Islands
Emily Baird,jane98@gmail.com,DeepSkyBlue,752.484.4620,Azerbaijan
Jose Frederick,gramirez@hotmail.com,Fuchsia,001-486-451-9843x18416,Mali
Daniel West,mlewis@gmail.com,Chartreuse,+1-977-617-2696,British Indian Ocean Territory (Chagos Archipelago)
Brandon Cardenas,daniel84@cook.com,Magenta,(009)035-4595,Angola
Amber Liu,stevensmelanie@matthews-hansen.com,DarkBlue,470.131.5816,Dominica
Gary Young,petersonamanda@gmail.com,Azure,159.649.6952,Comoros
Elizabeth Bowen,owensanne@hotmail.com,SteelBlue,+1-690-111-6155x424,Tunisia
Dustin Young,pachecomitchell@williams.com,SeaShell,968-190-3843x2989,Syrian Arab Republic
Sherri Navarro,vbrooks@torres-allen.biz,MediumAquaMarine,060-419-6398,Ukraine
Nancy Garcia,jmay@silva.info,Gold,119-719-7218,Kiribati
Jacob Moon,ydiaz@hotmail.com,HotPink,001-539-316-1458x58804,India
Holly Wells,emilyallen@flores-bailey.com,Red,001-619-569-6851x73098,Maldives
Rodney Cruz,mossrebecca@gmail.com,DarkSalmon,578-806-8868,Uzbekistan
Katrina Robles,karengrimes@yahoo.com,DarkSeaGreen,(848)785-7301x130,Kenya
Shawn Werner,emendez@hotmail.com,BlueViolet,207.547.0130x46232,Korea
Amanda Clark,shannonkane@hughes.net,MidnightBlue,3766560172,Belize
Cynthia Lopez,patrickmiller@frost.com,DeepSkyBlue,001-709-367-5215x782,Zimbabwe
Cynthia Fuller,blakeharmon@yahoo.com,SaddleBrown,(407)412-8186x3482,Egypt
Amanda Pierce,michael71@gmail.com,RosyBrown,(596)714-9454,Guinea-Bissau
Scott Hurst,kristinanguyen@gmail.com,LightPink,684.536.5221,Benin
Rebecca Bruce,agarcia@yahoo.com,MediumVioletRed,079.295.8093x322,Sri Lanka
Jean Jones,thomasburke@gray.org,DarkOrange,(763)495-7230x7348,British Virgin Islands
Jessica Goodwin,spencerjoseph@martin-hays.info,Indigo,652.498.5036x695,Reunion
Emma Potter,angelabentley@cunningham.net,SaddleBrown,6074926565,Saint Lucia
Daniel Craig,yshaw@downs.com,OliveDrab,139.945.1268x35890,Mauritania
Eric Oconnor,walkercindy@holland.com,Pink,315.399.1678x13241,Vanuatu
Marissa Carter,xcampbell@hotmail.com,MidnightBlue,+1-770-878-0508,Saint Vincent and the Grenadines
Linda Gould,fvillarreal@castaneda-smith.com,DarkRed,(200)633-7875,Estonia
Jill Lopez,tshelton@walsh.com,MediumSpringGreen,(285)196-8654x5680,New Zealand
Jennifer Williams,denise82@huang-williams.com,DeepPink,001-293-433-1181,Lithuania
Joe Baldwin,mchase@larson-johnson.com,LightSkyBlue,+1-720-096-1838,Gambia
Mrs. Deborah Lucas,thompsoncynthia@gmail.com,LightGray,001-292-483-9384,Zimbabwe
Kevin Wyatt,ramirezalexis@gmail.com,Beige,001-847-751-0942x69390,Cote d'Ivoire
Todd Prince,wrightjeremy@mitchell.com,MidnightBlue,(886)565-0236x785,Dominica
Paige Lee,tclark@richardson-smith.com,Moccasin,8807355035,Comoros
Harry Gaines,janet56@rodriguez.info,MediumVioletRed,243.716.5870,Greenland
Matthew Duncan,dunnshawn@campbell.com,BurlyWood,174.065.8038x68581,Hungary
Patricia Long,dchapman@hotmail.com,AliceBlue,(177)585-9378,Saint Barthelemy
Joshua Weaver,donna47@chambers-gibbs.info,Magenta,+1-020-247-1089x4816,Puerto Rico
David Austin,williamssarah@hotmail.com,SkyBlue,190-763-9650x81096,Angola
Heather Mills,pbradley@shepard.com,GreenYellow,(157)996-8932x80861,Australia
Abigail Tucker,jmorrow@lewis.info,Cornsilk,535.908.4924x296,Isle of Man
Heather Harris,codyfitzgerald@gonzales-woods.com,LightPink,573.808.1281x13489,Tunisia
Tina Johnson,gbryant@hunter.com,LightPink,132-081-7871x256,United States Minor Outlying Islands
Kyle Newman,khunter@brown-andrade.com,SpringGreen,763-189-1204x50556,Estonia
Sydney Bates,doyleheather@gmail.com,MistyRose,475.084.0239x98292,Brazil
Zachary Jordan,todd52@hill.com,SlateBlue,420-392-2545x1164,Guam
Lori Chavez,poperobert@hotmail.com,OldLace,803.927.9242,Romania
Timothy Ramirez,wilsonmelinda@pace.com,Maroon,797.590.1170x221,Guadeloupe
Steven Bryan,jonessheila@hotmail.com,DarkGray,+1-951-189-7054x592,Saint Kitts and Nevis
Andrew Riley,michelleschneider@yahoo.com,LightGoldenRodYellow,626-589-4246x676,Djibouti
Heather Abbott,josephmelissa@johnson.biz,MediumSpringGreen,890-905-2085,Sierra Leone
Kimberly Rose,martinezsean@krause.com,Peru,0534703540,Lao People's Democratic Republic
Glenn Martinez,qfarmer@gmail.com,Gold,930.849.0742,Saint Kitts and Nevis
Nicholas Park,jeffreywilcox@hotmail.com,PaleGoldenRod,354.616.3790x09470,Luxembourg
Debra Gardner,tannerjuarez@hotmail.com,MediumVioletRed,001-861-531-6188x8991,French Southern Territories
Jo Daniels,ramosjames@yahoo.com,Khaki,9832187500,Venezuela
David Robinson,carol94@yahoo.com,Indigo,+1-322-506-3946x61990,Latvia
Miranda Proctor,rollinsmeghan@hahn-rose.com,Chocolate,+1-356-024-1432x2929,Marshall Islands
Reginald Sullivan,adam86@yahoo.com,Red,040-595-9401,Georgia
Craig Rios,michellegraves@yahoo.com,Green,319-789-9891x88821,Mayotte
David Chavez,michaelalvarado@gmail.com,LightYellow,001-523-842-0019x839,Russian Federation
Jacqueline Baker,maryrodriguez@gmail.com,SlateBlue,001-196-420-9709,Kazakhstan
Joseph Beard,debra55@nelson-welch.net,LightSeaGreen,(730)994-2878x718,Belize
James Booth,iwright@gmail.com,PeachPuff,001-818-522-2827x0064,Chad
Jennifer Hawkins,ritaingram@yahoo.com,Gray,+1-278-051-3668,Sierra Leone
Darren Brady Jr.,danieldavidson@hotmail.com,SlateBlue,710.837.9885x272,Haiti
Christopher Nguyen,castillomarcus@gmail.com,GreenYellow,+1-819-327-6245,Vanuatu
Joseph Summers,savannahrichardson@simpson-webb.info,LimeGreen,027.927.2819x4008,Norfolk Island
Alex Perez,perkinsmichael@yahoo.com,HotPink,909.932.4588,Belize
Miranda Brown,mbeck@gmail.com,GoldenRod,001-845-612-5221x48473,Poland
Jessica Nguyen DVM,heather47@johnson.com,PaleTurquoise,1189020517,Egypt
Karen Barrera,cmccormick@hotmail.com,Moccasin,7490477211,Romania
James Kidd,tlawrence@martinez.com,DimGray,397-896-5427x8170,Guernsey
Ashley Carter,unguyen@thompson.com,HotPink,+1-769-390-8112x68214,Macao
Steven Daniel,gbrown@yahoo.com,GhostWhite,808-114-6404,Tonga
Stephanie Gonzalez,sandra76@young.info,WhiteSmoke,+1-016-307-9889,Saint Kitts and Nevis
Joseph Bennett,vanessa16@yahoo.com,LightGray,885-216-5824x40221,Saint Kitts and Nevis
Jermaine Johnson,christine77@rodriguez.com,SpringGreen,557.919.0706,Macao
Nicholas Martinez,hannahthomas@hill.com,MediumSeaGreen,985.704.7699x9010,Belgium
Courtney Mills,scottdaniel@gmail.com,LightSkyBlue,001-416-112-0635x999,Niger
Elizabeth Bowman,owenswilliam@bird.net,MediumOrchid,292.038.7826x7373,Morocco
Peter Hernandez,leekevin@gmail.com,DarkGoldenRod,001-856-192-0634x9834,Holy See (Vatican City State)
Morgan Garcia,robert31@hotmail.com,FloralWhite,+1-354-416-9904x6917,Norway
Victoria Dean,penningtondanielle@brown.com,Cyan,+1-743-876-5871,Norfolk Island
Donald King,nicole28@hotmail.com,Wheat,731.171.0602,Poland
Michael Mcgrath,travisjacqueline@lopez.com,DarkMagenta,751.551.9954x409,Singapore
Ronald Torres,tatemiranda@gmail.com,Khaki,8503414860,Georgia
Susan Grant,martincraig@gmail.com,Aqua,+1-641-126-1630,Cambodia
Jessica Wong,john38@gmail.com,LimeGreen,+1-556-327-2762x1475,Kiribati
Brandon Bennett,morrowangela@gmail.com,SkyBlue,(833)859-7424x2195,Armenia
Jeremy Glass,kevinprice@yahoo.com,MistyRose,940-163-9726x285,Turks and Caicos Islands
Christine Walters,durhamchristopher@smith.biz,Red,910.378.4023x073,Macedonia
Philip Bauer,vsalinas@cruz.org,NavajoWhite,001-598-602-7722x243,Armenia
Jessica Miller,amber62@yahoo.com,DarkRed,720-643-9524,Palau
Anita Jones,bethcordova@joseph.com,MediumOrchid,168-509-9049x92499,Haiti
Ivan Lopez,michele49@gmail.com,Aquamarine,740.353.5437x503,Western Sahara
Thomas Wilson,sandrawilliams@hart.com,FloralWhite,+1-776-805-2428x176,Mozambique
Michaela Hunter,lcook@yahoo.com,PaleTurquoise,2280614359,Haiti
Dr. Brittany Nielsen,burnsnicholas@hotmail.com,PowderBlue,(421)790-9188,Malaysia
Sarah Lopez,gcherry@weaver.org,SkyBlue,575-144-9240x7793,Madagascar
Edward Ferguson,msmith@goodman.com,OrangeRed,001-743-886-5579,Uruguay
Alexis Gordon,kfrazier@hotmail.com,MistyRose,152-654-6791x0165,Switzerland
Erin Moran,sharon62@scott-walker.com,LightSteelBlue,001-504-634-2400x15349,Tanzania
Douglas Shepard,vparker@pierce.com,OldLace,537.430.5945,Kyrgyz Republic
Amy Jones,barbara01@howard-fernandez.com,DeepPink,001-512-853-3720,Paraguay
Brittney Sullivan,bakercody@gmail.com,SlateGray,(294)193-2946,Bulgaria
Travis Archer,scottrobert@gmail.com,Coral,+1-112-542-5787,Marshall Islands
Chad Frazier,ericksonhunter@woods-bryant.org,DarkSlateGray,+1-224-230-6015x51323,Korea
Brett Casey,pwilliams@ochoa-smith.net,SaddleBrown,283-416-6971x8203,Greenland
Jessica Rodriguez,james07@robinson.com,Peru,+1-245-295-3307,Saint Barthelemy
Anna Miranda,brittany40@ortega-quinn.org,SkyBlue,362-541-5162x71636,Colombia
Tara Spencer,dtaylor@ford.com,LightCyan,001-941-737-1792x2253,Cayman Islands
Jeffery Noble,sarahallen@hotmail.com,PapayaWhip,399.699.8050x175,Palestinian Territory
Barbara Brown,kyle17@gmail.com,Cornsilk,2411878870,Martinique
Jacob Pollard,santoskatie@mccoy.com,GhostWhite,(971)019-6007,Kuwait
Maria Stephens,bskinner@yahoo.com,SeaGreen,(162)980-9947x333,Yemen
Joshua Tucker,stephen72@yahoo.com,LightSkyBlue,001-785-726-4429,Guernsey
Joshua Gregory,anneturner@hotmail.com,LightSeaGreen,001-359-351-5452x0247,Guatemala
Katie Turner,armstrongsherry@garcia-clark.org,LightCyan,+1-482-022-6920x8532,Czech Republic
Gregory Murphy,bergjames@yahoo.com,LightSkyBlue,067-474-8307x9481,Botswana
Brian Gomez,stephenssean@hotmail.com,IndianRed,+1-986-860-3072x327,Cambodia
Ryan Oconnor,alexanderrodgers@yahoo.com,RosyBrown,001-972-775-7680x4449,United States Minor Outlying Islands
Doris Fuentes,simmonsmichael@hotmail.com,MediumAquaMarine,+1-735-156-7210,El Salvador
Christine Blanchard,robertssonia@stevenson-peck.net,PowderBlue,(663)754-3208x49890,Vietnam
Robin Sullivan,steven70@gmail.com,DarkSeaGreen,667-013-5189,United Arab Emirates
Jerry Harris,scott63@hotmail.com,RosyBrown,+1-604-996-4395,Myanmar
Dr. Julie Ramirez,jenniferpatton@barnes-day.com,Khaki,(936)077-0813x522,Tuvalu
Peter Peterson,ambermedina@hotmail.com,Gray,311-277-9541x4716,El Salvador
Valerie Jensen,craig89@burton-vaughan.com,Brown,+1-377-360-8924,Slovenia
Stanley Mejia,jforbes@boyd.biz,LightGoldenRodYellow,4546488658,Kyrgyz Republic
Kimberly Hardin,obrown@gmail.com,Gray,462.254.3951x159,Jordan
Alex Morris,jessicamcdowell@yahoo.com,Turquoise,5097380421,Albania
Larry Fowler,tdudley@burch.org,SaddleBrown,+1-227-864-1509x4292,Estonia
Jennifer Jordan,hhuynh@lynch-miranda.com,Snow,+1-073-102-4214x800,Jersey
Sara Brown,warnerrobert@yahoo.com,Fuchsia,5372303448,France
April Rose,mjohnson@yahoo.com,Fuchsia,001-792-366-8548,Malta
Angela Lane,hfuller@molina.com,Peru,012-738-4628,Saudi Arabia
John Lamb,clifford56@wong-williams.com,Orchid,+1-366-676-1414,Israel
Taylor Padilla,derek35@hotmail.com,LightGreen,+1-740-827-8399x21023,Guinea
Amanda James,jessica73@lane.biz,LightGreen,704.065.3669,Burkina Faso
Daniel Fisher,clarkadrienne@daniels.com,LightYellow,5524111878,Vietnam
Nicole Hale,perezcynthia@mills-lewis.com,LightCoral,(164)521-7628,Slovakia (Slovak Republic)
Gabrielle Johnson,leebrandi@merritt.com,Olive,(242)837-6131,Denmark
Wesley Conley,vcarpenter@hotmail.com,Brown,+1-737-076-1621x30487,Bangladesh
Kelly Cameron,ihansen@rogers.net,Crimson,100.143.1599x37839,Wallis and Futuna
Michael Hogan,tarajacobs@torres-singh.org,LightSteelBlue,+1-840-142-5175x50037,Lao People's Democratic Republic
Trevor Young,ysmall@gmail.com,LightGray,7598526684,Christmas Island
Michael Baker,victoria27@cruz.com,DarkGreen,776-708-3050x80197,Qatar
Travis King,hwells@yahoo.com,LemonChiffon,(742)155-7175x00782,Gambia
Krystal Blake,elizabeth27@gmail.com,Linen,5117659947,Croatia
Allison Crawford,dorothy17@hall-mullins.net,SteelBlue,001-036-344-6777x218,Niue
Benjamin Sparks,allison56@warren.com,LightCoral,807.514.5037x70749,Macao
Jennifer Carey,iwilliams@gmail.com,Coral,428.087.4543x691,Algeria
Robert Mccall,edward77@richardson.com,Red,+1-984-038-0321,Christmas Island
Heather Brooks,halldavid@gmail.com,Plum,147.195.7383x1020,Burundi
Charles Bennett,lisasmith@gmail.com,MediumBlue,090-644-2155x548,Andorra
Meagan Melendez,marissa88@gmail.com,FireBrick,001-716-192-1929x04270,American Samoa
Tristan Allen,carolneal@gmail.com,MediumSeaGreen,102-673-0946x26743,Denmark
Glenda Brown,eevans@everett.com,GoldenRod,042-247-7452,Gabon
Thomas Arnold,johnsonryan@ewing-jackson.com,FloralWhite,848-079-1524x921,Liechtenstein
Terry Kelly,wendy96@trujillo.com,SandyBrown,7211997648,Guinea-Bissau
Kimberly Mills,collinstony@gmail.com,OrangeRed,726.740.6600,Somalia
Rachael Grimes,nicolejackson@jackson.com,Gray,001-259-325-5813x802,Niger
Sean Harper,patriciamiller@hotmail.com,RoyalBlue,+1-785-727-5411x2662,Netherlands
Susan Lewis,lauraadams@yahoo.com,Brown,(705)949-8297x2463,Costa Rica
Kimberly Patel,amyparks@hammond.biz,OrangeRed,921-801-4679x13731,Bermuda
Thomas Ritter,joelromero@hotmail.com,PaleVioletRed,015.384.5244,Mayotte
David Parks,hopkinsamy@yahoo.com,AntiqueWhite,+1-544-725-6603x76826,Holy See (Vatican City State)
Edward Hays,longmark@lopez-johnson.com,Yellow,505-273-3764x73467,Jordan
Luis Wong,smendoza@gmail.com,Green,851-429-3692,Korea
Dale Smith,adamskevin@yahoo.com,HoneyDew,603-683-5028,Luxembourg
Hunter Harmon,lellis@hotmail.com,Gainsboro,431.145.4977x2407,Portugal
Sarah White,garciacharlotte@webster.org,MediumSeaGreen,+1-067-216-8271,Taiwan
Christopher Watkins,mccannmichael@yahoo.com,Black,001-797-519-7181x8182,Ukraine
Jennifer Norman,khunter@ross.org,MediumSpringGreen,357.888.9040,Guam
Kathleen Miranda,ishepherd@collins.net,NavajoWhite,666-707-1056,Saint Barthelemy
Kevin Casey,thomasdanny@hotmail.com,Cyan,(716)900-9664x950,Pakistan
Troy Lyons,annawells@hotmail.com,LimeGreen,001-921-708-6669,Lithuania
Joseph Soto,zmendez@yahoo.com,Green,055.500.0481,Saint Helena
Matthew Miller,anathomas@franklin.com,Aquamarine,+1-661-477-5081,Ecuador
Samantha Schmidt,amanda11@arnold-clark.net,DarkGreen,+1-495-084-1992x9363,Western Sahara
Erica Castillo,fwebb@hurley.com,DeepSkyBlue,001-426-166-1162x247,Maldives
Terry Romero,timothy85@gmail.com,DeepPink,419-387-9292,French Southern Territories
Richard King,icooke@winters.biz,DarkOrchid,+1-501-184-9724,United Kingdom
Emily Shaffer,duane20@gmail.com,Teal,+1-425-184-4429x7987,Zambia
Christopher Parker,collinshort@hotmail.com,PaleTurquoise,(520)901-8619x584,Saudi Arabia
Barbara Key,aaron98@white.biz,Indigo,338-892-9193,Israel
Jennifer Wilson,georgecarter@gmail.com,DarkKhaki,001-791-429-7320x2619,Russian Federation
David Johnson,scott72@hendrix-brown.com,SlateBlue,317-613-2751,Angola
Stacey Johnson,jeffrey86@bernard.com,Tomato,(538)122-2129x5378,Algeria
Ronald Webb,annacontreras@hotmail.com,MediumSpringGreen,001-621-067-6393x281,Bermuda
Anne Goodwin,riverakimberly@hotmail.com,HoneyDew,001-435-142-1805,French Guiana
Sarah Thompson,robertfleming@taylor.com,LightSalmon,037.365.4901,San Marino
Valerie Dunlap,loritrevino@hotmail.com,Yellow,432.703.1754x150,Ethiopia
Julia Scott,lambnathan@hotmail.com,BurlyWood,(261)401-9563x010,Japan
Melissa Hall,michaelspence@hotmail.com,MediumOrchid,422.444.1719,Liechtenstein
Frank Clark,jeremyware@yahoo.com,MistyRose,8683614157,Finland
Edwin Mason,jeffrey04@yahoo.com,RosyBrown,001-839-330-0254,Hong Kong
Jason Hart,michael76@yahoo.com,OldLace,270.765.6461x8397,Vanuatu
Michael Mccall,lisamatthews@gardner-gibson.com,PowderBlue,+1-449-719-4266,Lesotho
Adam Sloan,smithwilliam@jones-herrera.com,Lavender,(488)715-3362,Samoa
Laura Avery,brooke40@lane.org,LightGoldenRodYellow,+1-889-887-4492x25010,Puerto Rico
Eric Cook,lthompson@yahoo.com,DarkViolet,869-262-5272x5250,Vanuatu
Paul Hanson,michaelreese@yahoo.com,Gainsboro,544.380.5946,Guam
Victor Doyle,marc93@yahoo.com,MistyRose,(502)251-9621,Czech Republic
Anne Vasquez,denise30@ortiz-clark.biz,LightSkyBlue,904-746-4798,Equatorial Guinea
Holly Moreno,brandygriffin@yahoo.com,SandyBrown,+1-532-034-4522,Malaysia
Katrina Hicks,marcia17@gmail.com,Bisque,(444)524-5938x012,Venezuela
Phillip Clark,carlsonlaura@gallegos.com,MistyRose,(801)139-8264x75772,Mali
Daniel Hawkins,troy82@mcclain.com,LightSteelBlue,001-135-073-2293x17621,Cocos (Keeling) Islands
Marc Burgess,evanswesley@brown.net,MidnightBlue,864-963-4289x0601,Nigeria
Dr. Kyle Atkinson DDS,jefferywilkinson@gmail.com,MediumPurple,+1-341-990-6417x091,Tanzania
Michael Tucker,pbarnett@gmail.com,Pink,(111)605-3345x9267,Guyana
David Ramos,nicole41@hotmail.com,Blue,0060978959,Heard Island and McDonald Islands
Stacey Krause,goldenjill@yahoo.com,DeepPink,086-108-2267x71105,Philippines
Kathleen Jennings,garciasherry@gmail.com,Coral,248-701-2341,Greece
Kaitlin Romero,victoria98@gmail.com,Violet,048.497.4261x612,Greece
Joel King,brianwilliamson@gmail.com,Linen,509-232-4048x03544,Zambia
Mary West,joseph60@hendrix.com,Thistle,336-083-4338,Finland
Monica Davila,hillrandall@stewart.com,Brown,2583556351,Barbados
Ashley Hall,klinerobert@pacheco-sanders.com,SeaShell,455.998.8981,Djibouti
Garrett Murphy,juliabates@hotmail.com,Fuchsia,(936)248-7535x31717,Bahrain
Kathryn Brooks,timothy43@hotmail.com,Teal,799.316.1994,Sri Lanka
Anita Moran,brewerblake@webster.com,Lavender,+1-281-169-7347x9039,Tanzania
Danielle Cain,jenkinsjennifer@yahoo.com,Coral,035.367.5926,Cote d'Ivoire
Kelly Carrillo,christopherparker@alvarez-miller.biz,DarkGoldenRod,(359)918-3387,Chad
Whitney Anderson,charleskaren@yahoo.com,LimeGreen,+1-441-377-8653x15434,Morocco
Kathryn Tanner,hschmitt@mullins.info,Thistle,001-072-861-1556,Pakistan
Anthony Navarro,watsonkayla@hotmail.com,DarkOrange,(958)717-4167x50314,Tuvalu
Daniel Chase,vaughanamber@yahoo.com,Peru,807-869-6038x794,Lao People's Democratic Republic
Jon Gutierrez,robert17@yahoo.com,PaleVioletRed,+1-229-177-8461x3136,Togo
Jesse Armstrong,mary76@schultz.com,MistyRose,+1-603-534-0173x172,Monaco
Cassandra Wheeler,pparker@medina-moyer.info,LightSkyBlue,001-680-882-8299,Serbia
Sandra Wood,clarkjames@hotmail.com,PaleVioletRed,+1-816-040-3775x951,New Zealand
Mark Fletcher,angelalester@yahoo.com,Silver,001-300-274-3099x01211,Saint Pierre and Miquelon
Jessica Morrison,vargasdevin@simpson.com,Bisque,+1-777-193-4175x94242,Indonesia
Madison Collier,stephenmoyer@mendoza-dixon.com,PapayaWhip,162-167-9884,Bhutan
Suzanne Bailey,mary93@wong.net,Black,898.884.3512,French Southern Territories
Joshua Moses,qbaldwin@yahoo.com,LemonChiffon,+1-482-044-9153x5930,United States of America
Michele Mcdonald,amy11@hotmail.com,DarkSlateGray,(607)742-7706x16438,Cambodia
Robert Diaz,flutz@gmail.com,Brown,085-999-6638x912,Mongolia
Amanda Jones,rivaskristen@walker.org,Indigo,213.081.2250x0379,Kenya
Jessica Lam,reneemartinez@hotmail.com,MintCream,001-366-621-4791x21643,Azerbaijan
Sarah Obrien,brettgilbert@hotmail.com,AliceBlue,1751608042,Netherlands Antilles
Marie Stevens,feliciadavis@smith.com,MistyRose,855-087-3150,Reunion
Kevin Larson,bsmith@perry.biz,DeepSkyBlue,548.958.4941x2658,Mongolia
Sharon Manning,cbooker@hensley.info,RosyBrown,056.320.0583,Gambia
Gregory Frazier,seanhill@whitaker.biz,PapayaWhip,+1-194-018-7011x9475,Libyan Arab Jamahiriya
Robert Anderson,calvin95@lopez-carter.com,Purple,001-321-922-0855,Morocco
Terri Davis,gallagherkristi@lewis-dean.net,SeaGreen,(572)158-1980,Wallis and Futuna
Tyler Allen,courtney65@hotmail.com,OliveDrab,325-301-3865,Romania
Jenna Bean,sarapierce@gmail.com,MintCream,619.109.9265x7632,Faroe Islands
Michael Caldwell,wardlisa@lucas-hart.biz,DarkRed,+1-408-790-4944x236,Congo
Mackenzie Porter,andersonanthony@hotmail.com,Ivory,330.510.1828x7596,Norfolk Island
Mrs. Wendy Raymond,vpetersen@gilbert.com,DarkOrange,007.097.5921x15910,Sao Tome and Principe
Michelle Mccall,kelsey19@johnson.com,Brown,+1-260-223-7370x62725,Latvia
Jacqueline Carroll,wesley50@evans-reeves.com,YellowGreen,001-758-752-7565x69024,Bhutan
Christopher Conner,ronnie12@gmail.com,DimGray,284.009.8326x29500,Macao
Andrew Doyle,zbarnes@dean-morrison.com,PeachPuff,030-617-7061x671,Bosnia and Herzegovina
Terry Smith,smithterri@yahoo.com,DodgerBlue,045-018-7027,Lebanon
Jennifer Williams,rreynolds@brown-smith.info,YellowGreen,943.481.4809x16670,Saint Barthelemy
Amanda Clark,ifarmer@gmail.com,DarkOrange,249-897-8428x1513,Tunisia
Brandon Simon,qsanders@yahoo.com,Silver,946-771-9553,Finland
Amanda Harper,lgriffin@love.com,DarkSlateGray,394-358-6929x434,Dominica
James Ruiz,tbutler@yahoo.com,LimeGreen,(688)671-4460x391,Venezuela
John Woodward,jjones@miller-cantu.com,WhiteSmoke,+1-418-092-3668x3369,Chile
Paul Salazar,lawrencecraig@gmail.com,DarkSeaGreen,+1-306-535-6775x48368,Mongolia
Gabriel Roach,lori67@hoffman.org,Wheat,(259)429-0699,Brazil
Mr. Andrew Robles PhD,john18@evans.biz,MediumAquaMarine,(216)451-9616,Burundi
Ruben Parker,arthurbrown@hotmail.com,Aquamarine,+1-061-112-6583x4071,France
Johnny Osborne,acrosby@yahoo.com,LightPink,996.608.9657x18368,Holy See (Vatican City State)
Ellen West,rcampos@williams-ward.biz,LightSkyBlue,(795)095-4158x4440,Western Sahara
Christopher Flores,qhawkins@pratt-griffin.com,MediumBlue,681.997.6303x1453,India
April Roth,warrensean@newton.info,AntiqueWhite,(346)581-0354,Tonga
Robert Lynch,sergiomurray@caldwell.com,Beige,222.643.3621x512,Monaco
Roger Ingram,kimberlyortiz@dean.com,DarkKhaki,1866055874,Guatemala
Tyler Reilly,stevenbell@gmail.com,Bisque,200.823.6918x2724,Costa Rica
Jeffrey Savage,antonio74@yahoo.com,Brown,001-599-719-0027x261,Panama
Kenneth Bates,newtonjaclyn@owens.com,RosyBrown,(294)018-2065,Greece
Charles Norton,amandawilson@yahoo.com,AntiqueWhite,+1-450-275-8778x045,Tunisia
Timothy Brown,lmiller@ramos.com,DarkKhaki,(303)631-2593,Marshall Islands
Deborah Gardner,shawn13@robinson-jackson.com,OldLace,516.941.8831x48424,Turks and Caicos Islands
Jennifer Hernandez MD,graymatthew@yahoo.com,LawnGreen,001-950-203-4582x460,Timor-Leste
Michaela Diaz,linda53@webster-nguyen.com,YellowGreen,001-391-679-5451x886,Montenegro
Ashley Garcia,matthewhutchinson@yahoo.com,GhostWhite,(182)530-9780,Falkland Islands (Malvinas)
Michael Stout,julia99@hotmail.com,Purple,(443)978-0392x76583,Ukraine
James Hoffman,thaynes@yahoo.com,Bisque,923.071.5029,Djibouti
John Wright,cynthialevy@brown-moore.com,CornflowerBlue,001-976-696-9922x940,Malaysia
Cynthia Spencer,virginia61@smith.org,RosyBrown,(748)246-8133,Cocos (Keeling) Islands
Amanda Harris,mccormickjared@gmail.com,DarkOliveGreen,(841)079-1991,Saint Lucia
Sharon Meyer,dickersonsteven@campbell.com,AliceBlue,+1-888-117-8413x9510,United States Virgin Islands
David Frye,tinajackson@ali.biz,MediumSpringGreen,001-668-575-5071x66135,Antigua and Barbuda
Joseph Webb,jonathon98@alvarez.com,MediumPurple,942.489.1319,Austria
Kelly Stanley,rpeterson@townsend.info,Purple,739.053.4406x8832,Moldova
Elizabeth Mitchell,michael62@yahoo.com,MediumAquaMarine,+1-950-084-7606,Haiti
Jeremy Horne,john54@yahoo.com,BlueViolet,(505)353-8352x94841,Liechtenstein
Natalie Peterson,marykelley@gmail.com,AliceBlue,+1-089-918-5583x597,Armenia
Amber Velazquez,hamiltonadam@hotmail.com,PapayaWhip,001-623-432-9527x51653,China
Jason Mitchell,amy54@brock-greene.com,LightCyan,424-741-4473,Belarus
Nancy White,mmiller@hotmail.com,LightCyan,001-787-338-1644,Armenia
Tyler Reed,joseph02@gmail.com,DarkGoldenRod,881.163.2436x215,Australia
Tommy Hampton,sextonbarbara@mcfarland-martin.org,Turquoise,453.132.9391,Honduras
Samantha Hamilton,jamestamara@harmon.com,AntiqueWhite,263-806-1791,Jordan
Spencer Flores,zacharycross@henderson.biz,Cyan,+1-759-430-5054x4570,Morocco
Anthony Wallace,stantonjuan@davis.net,PaleGreen,(537)546-6418,Morocco
Reginald Norris,johnpierce@mayo.com,Yellow,319-887-7552x6900,Eritrea
Latasha Nixon,ncollins@yahoo.com,DarkRed,(956)990-1640x20307,Uganda
Mark Jones,emily22@white.info,DimGray,(812)110-1965x1540,Kazakhstan
Shannon Shaw,mckenzie26@gmail.com,Green,130.950.3956,Jamaica
Sean Montes,leejasmine@lawrence.info,DeepSkyBlue,1020108299,Luxembourg
Mark Leach,lcollins@gmail.com,LavenderBlush,+1-091-864-1182x46114,Samoa
Emily Bailey,salazarkim@adams-ford.com,Thistle,959-822-9420x5439,France
Terri Burton,misty77@hotmail.com,Orchid,763-894-7817,Barbados
George Lopez,karen58@yahoo.com,Chartreuse,001-557-250-4148x30924,Timor-Leste
Elizabeth Chandler,nmoore@hotmail.com,Moccasin,8606063589,Ghana
Meagan Bernard,molly64@hotmail.com,LavenderBlush,(466)925-6362x200,Western Sahara
Heidi Sullivan,gregoryaustin@harris-hall.com,GhostWhite,7662824215,Cyprus
Jenna Jackson DDS,michaelmendez@hotmail.com,CadetBlue,(969)450-4996x22868,Oman
Juan Delgado,jonesnicole@yahoo.com,PaleTurquoise,(836)829-6706x956,French Guiana
John Lewis,bowenandrea@watson.org,BlueViolet,001-001-345-8165x471,Tuvalu
Tristan Russell,tylerpearson@gmail.com,SeaGreen,(178)034-5824x642,Guinea-Bissau
Christine Strong,scottfox@yahoo.com,SandyBrown,+1-485-541-5934x843,Slovakia (Slovak Republic)
Dr. Joshua Romero,thomasjeffrey@roberts.com,LightCyan,(825)314-5173,Canada
Brent Bolton,anthonybrown@fischer.com,DarkViolet,8581583606,Denmark
John Hodges,blarsen@taylor.com,Yellow,615.342.2668x82905,Turkmenistan
Tammy West,yvelez@yahoo.com,LightSeaGreen,+1-036-139-3124x2145,Chile
Michael Alvarez,murphyclaudia@wilson.info,RoyalBlue,405.333.1886,Georgia
Steven Vaughn,nicole78@yahoo.com,Sienna,+1-118-631-2885x48189,United States of America
Amy Turner,mary82@gmail.com,Red,377.059.9068x4585,Greece
Wayne Lee,ucarter@gmail.com,Peru,001-592-637-8876,Lithuania
Lisa Stark,garyjones@hotmail.com,LightGoldenRodYellow,(715)077-4335x95640,Armenia
Melissa Peterson,rickyalexander@gmail.com,Cornsilk,941-672-3735x28710,Australia
Amanda Morris,zjones@gmail.com,LightCoral,818.089.8194x866,Haiti
Jesus Morris,jcole@hotmail.com,DarkBlue,303.646.6940x7880,Solomon Islands
Michael Wheeler,tanner62@figueroa-holt.org,Chocolate,745-538-5864,Aruba
Daisy Lloyd,lkim@flynn.com,RoyalBlue,001-138-733-1519x4393,Russian Federation
Alice Young,williamscarol@davis-brewer.com,MediumVioletRed,001-252-857-8139x526,Bhutan
Roberto Francis,leejulie@duncan-price.org,SaddleBrown,811.774.8090x98322,Malaysia
Courtney Kelly,xzamora@nguyen-bright.com,LightSalmon,582.859.3787,Faroe Islands
Timothy Simmons,sheltontracy@gmail.com,GreenYellow,+1-770-860-5554,Bahamas
William Olsen,gregory25@gmail.com,MidnightBlue,092.405.5025x577,Bahrain
John Bolton,hflores@yahoo.com,OrangeRed,001-618-300-9250x807,Saint Pierre and Miquelon
Mr. Jesus Atkins,marialawrence@hotmail.com,SteelBlue,001-691-732-7381x015,Saudi Arabia
Mr. Matthew Cruz,zamorajessica@mercado-williams.com,LawnGreen,5333437457,Vanuatu
Emily Taylor,sreese@hotmail.com,LightPink,+1-764-403-0816x0184,Malawi
Mr. Jason Foley,smithdavid@yahoo.com,Chocolate,+1-060-629-0514x635,Panama
Elizabeth Phillips,lsanchez@hotmail.com,NavajoWhite,039-379-5613,Sao Tome and Principe
Joshua Barron,nicolas52@thompson.com,MediumPurple,116-980-6447,Philippines
Maria Romero,theresaroth@yahoo.com,Brown,001-482-747-4457x136,Solomon Islands
Angela Parsons,mary91@vance-vaughn.info,WhiteSmoke,208-884-6811x402,Uganda
Andre Morris,lori92@beasley-mclaughlin.biz,LightPink,003-164-9953,Guinea-Bissau
Edward Barker,glenndiana@white.com,CornflowerBlue,116-947-2786x123,Taiwan
Jennifer House,juanfriedman@gmail.com,Turquoise,+1-362-972-5337x9462,Papua New Guinea
Yvonne Coleman,alex49@cordova.org,SteelBlue,001-876-938-9424x47919,Croatia
Tracy Holden,chapmanwesley@davis.com,DarkSeaGreen,639-910-7383,Faroe Islands
Erika Yu,jeremy70@yahoo.com,Blue,959-301-0508,Lebanon
Eric Guerrero,ravila@marshall-patrick.org,ForestGreen,748-087-0030x4821,Saint Vincent and the Grenadines
Donna Smith,jgreene@gmail.com,PapayaWhip,(307)764-1329,Kiribati
Timothy Wright,wadkins@huynh.biz,MediumSeaGreen,350.111.7430x4657,Switzerland
Suzanne Perez,kempjackie@gmail.com,DeepSkyBlue,001-730-841-2123x977,United Kingdom
Emily Morse,irobinson@montoya-lowe.net,MediumSlateBlue,102.811.7763x35066,Mozambique
Kristi Harris,zreed@gmail.com,DarkSlateBlue,407-095-3471x246,Malawi
Michelle Davis,paulthornton@yahoo.com,LightSalmon,121-841-1854x91785,Guyana
Lori Gomez MD,andersondarius@yahoo.com,PaleGreen,007.685.9313,Namibia
Kevin Hill,james85@yahoo.com,MediumSpringGreen,+1-353-373-7523x15129,Paraguay
Candice Bruce,joseph21@wise.com,Aqua,(448)282-7499,Morocco
Brittany Young,townsendsue@yahoo.com,SkyBlue,(036)173-7372x249,Montenegro
Robert Jenkins,brandon77@yahoo.com,Brown,225-253-3881x224,Netherlands
Michael Jarvis,stephaniecunningham@yahoo.com,Plum,180.671.8260x6706,Norway
Mary Calderon,yvette89@gmail.com,DarkSeaGreen,589.268.8463,Djibouti
Gregory Andrews,rodriguezshelly@dunn.com,MintCream,+1-139-466-0990x68257,Korea
Pamela James,murphyrobert@gmail.com,LightSkyBlue,001-272-137-7494,Guadeloupe
Jonathan Stewart,ddavies@mercado-cooper.biz,MediumTurquoise,001-212-288-2608x205,Sweden
Tracy Chavez,gwendolyndavis@poole-rodriguez.biz,GhostWhite,2422299919,Saint Martin
Kelsey Brennan,jeremy88@coleman-pena.com,DarkKhaki,(070)866-3429x361,Dominican Republic
William Hernandez,rhodges@hotmail.com,LightGray,686-054-2865x022,Timor-Leste
Kristen Gutierrez,amy25@gmail.com,PowderBlue,553-467-6409x7599,Cambodia
Sean Reed,joseph76@hotmail.com,RosyBrown,+1-459-040-7846x712,Christmas Island
John Beck,jamiehayes@velasquez-white.biz,Chartreuse,+1-505-829-0067,Rwanda
Lindsey Miller,owhite@rangel-serrano.info,Turquoise,(125)378-7266,French Polynesia
Doris Bradley,benjaminshea@yahoo.com,Linen,4535976054,Uzbekistan
Lisa Santiago,michaelbrooke@neal-martin.org,SaddleBrown,283-085-5932,Algeria
Kayla Calhoun,jennifer29@jones.net,Blue,(026)479-1926x495,Denmark
Martha Riley,hoganalexander@singleton.com,Azure,+1-604-286-3538x56731,Zambia
Colleen Weiss,dale66@padilla-harris.net,DarkCyan,463.011.4617,Australia
Alan Vega,basskathryn@gmail.com,DarkOliveGreen,704-211-0289x3578,Cayman Islands
Andrew Sullivan,meyershelen@kline.org,PaleGoldenRod,9587924100,Seychelles
Courtney Gonzalez,aguilarphyllis@lee.info,Turquoise,889-927-1356x7610,Mali
Amber Henderson,rossmandy@chambers.com,LightSteelBlue,(476)222-4068x072,Lao People's Democratic Republic
Amber Harmon,stephen49@yahoo.com,Navy,001-944-085-5934x8863,Heard Island and McDonald Islands
Heather Moses,smithandrew@gmail.com,PowderBlue,001-724-455-3568,Central African Republic
Dean Gallagher,james33@yahoo.com,SeaGreen,104-386-3716x755,Guinea-Bissau
Brittany Bonilla,gabrielagarcia@gmail.com,Azure,(463)935-2677x37839,New Zealand
Jane Griffin,lopezfrederick@tucker-black.biz,GoldenRod,(004)039-0024x7338,India
Meghan Morris,ytucker@cook-dudley.info,LimeGreen,369.671.3069x380,Guatemala
Lisa Collins,usmith@hotmail.com,Crimson,001-077-814-1624x2903,Belarus
Mark Smith,gthompson@kelly.org,LightSeaGreen,(372)950-8377x3646,Eritrea
William Martin,jorge26@herrera.com,LightGreen,001-718-434-8985x683,India
Anthony Cooper,stephanie09@johnson.com,OldLace,615.725.1661x404,Kazakhstan
Randy Lewis,estewart@yahoo.com,Red,(439)049-7007,Nigeria
Kristy Bailey,kjohnson@ward.info,LightGoldenRodYellow,678.730.3078,Netherlands Antilles
Heather Byrd,suzannewillis@hotmail.com,Moccasin,001-130-153-5432x581,Colombia
Christopher Hale,christopherbradford@byrd.net,MediumTurquoise,001-058-219-3982,Jersey
Kevin Gill,laura27@jones-jones.com,LightCoral,(744)792-8085,New Caledonia
Daniel Gonzales,jacksonjoseph@thomas.com,CornflowerBlue,+1-109-019-6134x0084,Chile
Jaime Blackwell,hayden52@wheeler.net,BlueViolet,084.952.1579x57146,Norfolk Island
Dr. Keith Frazier,emily31@yahoo.com,Pink,294-374-2179,Pakistan
Marvin Giles,thomaswest@gmail.com,MediumPurple,388.934.8870x03683,China
Cheryl Taylor,fowlerlaura@patel.biz,DarkOrange,350-435-5665x54444,Russian Federation
Christine Parsons,hardyomar@little.org,LimeGreen,+1-182-975-6649x331,Cote d'Ivoire
Kenneth Taylor,pierceryan@yahoo.com,DarkSeaGreen,(801)633-3732,Peru
Kimberly Duran,samuelarnold@hubbard-ramirez.info,LightSeaGreen,727-786-6457x34442,Antarctica (the territory South of 60 deg S)
Francis Davis,emily33@harris-smith.com,Indigo,443-729-5802,Latvia
Cody Maddox,alexis89@hotmail.com,SeaShell,180.143.9798x9434,New Caledonia
Robert Patterson,david26@chapman.biz,MintCream,147-205-4783,Argentina
Nancy Ferguson,samantha50@briggs.biz,MistyRose,(205)859-2530x2902,Georgia
Michelle Smith,christopher24@hotmail.com,DarkCyan,(973)145-2419,Palau
Jamie Palmer,jasonbenson@fletcher.com,LightYellow,+1-530-709-1797x10540,Slovenia
Jason Swanson,barnettmary@brown-kramer.biz,Plum,(036)561-0267x8134,Bermuda
Paul Mccall,katrina25@yahoo.com,Yellow,+1-782-164-6046,Slovenia
Deanna Taylor,wilsonlouis@leonard.com,PaleGreen,001-023-849-0012x20940,Tonga
Rachel Hudson,miranda15@hotmail.com,LightSlateGray,078.242.0912,Somalia
Patrick Allen,coxkimberly@gmail.com,Wheat,245-346-5734x1447,Latvia
Scott Garcia,xmiller@yahoo.com,GreenYellow,+1-041-467-0539,Vietnam
Michael Mitchell,kathleen64@hotmail.com,HotPink,(220)880-6260x3061,Iceland
Robert Peterson,salinasanna@gmail.com,WhiteSmoke,3029881216,Micronesia
Michael Berger,lorraine68@king.biz,GreenYellow,(206)039-0473x355,Micronesia
Vanessa Palmer,cunninghamellen@yahoo.com,BlanchedAlmond,(433)468-9964x60979,Slovakia (Slovak Republic)
Aimee Rogers,rhondasalinas@gmail.com,Ivory,479.740.1191x90282,Hungary
Mason Barnes,patrick31@williams.info,Tan,+1-951-062-9292x73991,Belarus
Amber Andrews,jeffery15@yahoo.com,Linen,+1-449-085-7287x76243,Puerto Rico
Blake Peterson,rebecca78@yahoo.com,Beige,766-053-1469x740,Barbados
Victor Richardson,rushhaley@gmail.com,HotPink,(368)001-8563,Dominican Republic
Thomas Meyer,matthewbishop@gmail.com,LightSeaGreen,+1-964-170-6002x638,Cameroon
Kayla French,yfarley@martinez.biz,Blue,682.340.5198x4566,United Kingdom
Amanda Coleman,adkinsemily@perry.com,Snow,513.580.4155,Jamaica
Fred Casey,dbarajas@gmail.com,Peru,103.328.1289,Thailand
Charles Fuller,parkbryan@gmail.com,SeaShell,265.818.5258x03443,Mongolia
Paul Miller,hvasquez@perkins-mckay.com,Aqua,699.398.9297x7742,Martinique
Shawn Carlson,paultucker@yahoo.com,DarkRed,(679)667-6678x071,Christmas Island
Sarah Fisher,andrew52@marshall-perry.com,BlanchedAlmond,117.077.1125x354,Greenland
Joseph Thompson,anthonydaniel@yahoo.com,MintCream,822-214-4486,Mali
Latoya Watkins,denisevincent@collins.com,DeepSkyBlue,(363)750-3047x68460,Iran
Michael Shaw,kjohnson@hotmail.com,SlateGray,+1-094-952-9265x92333,Aruba
Rachel Jimenez,kellyclark@preston-terrell.com,LemonChiffon,001-300-331-9009x269,Saint Lucia
Jacqueline Johnson,jenniferreese@gmail.com,Tan,001-304-695-5953x94096,Australia
Patricia Davis,maryramos@henry.info,Beige,+1-648-951-7138x5913,Sierra Leone
Justin Martinez,hvasquez@jones.com,SpringGreen,001-327-681-6341x4001,Congo
Eddie Armstrong,shicks@gmail.com,Aquamarine,442-688-1981,Canada
Donald Guerra,gambledanielle@hotmail.com,Sienna,(737)527-8209x6960,Bangladesh
Brittany Gilbert,nicolepotter@gmail.com,LightGray,001-471-012-9369x991,Serbia
